
> angular-ui@0.0.0 start
> ng serve

Node.js version v25.9.0 detected.
Odd numbered Node.js versions will not enter LTS status and should not be used for production. For more information, please see https://nodejs.org/en/about/previous-releases/.
[33m>[39m Building...
[32m√[39m Building...
[1mInitial chunk files[22m[2m | [22m[1mNames[22m                            [2m | [22m [1mRaw size[22m
[32mstyles.css[39m         [2m | [22m[2mstyles[22m                           [2m | [22m[36m383.78 kB[39m[2m | [22m
[32mmain.js[39m            [2m | [22m[2mmain[22m                             [2m | [22m[36m113.67 kB[39m[2m | [22m
[32mscripts.js[39m         [2m | [22m[2mscripts[22m                          [2m | [22m[36m107.73 kB[39m[2m | [22m
[32mchunk-AEQA3PA2.js[39m  [2m | [22m[2m-[22m                                [2m | [22m  [36m5.67 kB[39m[2m | [22m
[32mchunk-FWCVD5GE.js[39m  [2m | [22m[2m-[22m                                [2m | [22m  [36m4.02 kB[39m[2m | [22m
[32mchunk-YRQ44UL6.js[39m  [2m | [22m[2m-[22m                                [2m | [22m  [36m2.32 kB[39m[2m | [22m
[32mchunk-UYKXC6FV.js[39m  [2m | [22m[2m-[22m                                [2m | [22m  [36m1.90 kB[39m[2m | [22m
[32mchunk-653SOEEV.js[39m  [2m | [22m[2m-[22m                                [2m | [22m  [36m1.51 kB[39m[2m | [22m
[32mchunk-B4F2FIQP.js[39m  [2m | [22m[2m-[22m                                [2m | [22m[36m187 bytes[39m[2m | [22m
[32mpolyfills.js[39m       [2m | [22m[2mpolyfills[22m                        [2m | [22m [36m95 bytes[39m[2m | [22m

[1m [22m                  [2m | [22m[1mInitial total[22m                    [2m | [22m[1m620.88 kB[22m

[1mLazy chunk files[22m   [2m | [22m[1mNames[22m                            [2m | [22m [1mRaw size[22m
[32mchunk-HYHIVNGM.js[39m  [2m | [22m[2mlanding-component[22m                [2m | [22m[36m107.16 kB[39m[2m | [22m
[32mchunk-CTLLXTAS.js[39m  [2m | [22m[2madmin-management-component[22m       [2m | [22m[36m104.44 kB[39m[2m | [22m
[32mchunk-TTGA7GYG.js[39m  [2m | [22m[2mapplicant-dashboard-component[22m    [2m | [22m [36m97.46 kB[39m[2m | [22m
[32mchunk-X7FVLCFK.js[39m  [2m | [22m[2mstudent-dashboard-component[22m      [2m | [22m [36m88.33 kB[39m[2m | [22m
[32mchunk-JYT3XHQU.js[39m  [2m | [22m[2mpre-admission-register-component[22m [2m | [22m [36m87.22 kB[39m[2m | [22m
[32mchunk-CO66GMBR.js[39m  [2m | [22m[2mdashboard-component[22m              [2m | [22m [36m81.80 kB[39m[2m | [22m
[32mchunk-T6YU7VO2.js[39m  [2m | [22m[2mseat-allocations-component[22m       [2m | [22m [36m74.88 kB[39m[2m | [22m
[32mchunk-HWTCJE25.js[39m  [2m | [22m[2msettings-component[22m               [2m | [22m [36m73.32 kB[39m[2m | [22m
[32mchunk-Y4FCHEMU.js[39m  [2m | [22m[2mclass-routine-component[22m          [2m | [22m [36m71.81 kB[39m[2m | [22m
[32mchunk-64O5E6HP.js[39m  [2m | [22m[2madmission-confirmations-component[22m[2m | [22m [36m65.04 kB[39m[2m | [22m
[32mchunk-HNZ23T4M.js[39m  [2m | [22m[2menrollment-component[22m             [2m | [22m [36m63.15 kB[39m[2m | [22m
[32mchunk-P7DXQF5L.js[39m  [2m | [22m[2mcalendar-event-component[22m         [2m | [22m [36m60.21 kB[39m[2m | [22m
[32mchunk-TCFKITZ7.js[39m  [2m | [22m[2mtests-component[22m                  [2m | [22m [36m59.16 kB[39m[2m | [22m
[32mchunk-YSSHDMKV.js[39m  [2m | [22m[2maccount-lock-rules-component[22m     [2m | [22m [36m56.50 kB[39m[2m | [22m
[32mchunk-M3EWXY7A.js[39m  [2m | [22m[2mclassroom-component[22m              [2m | [22m [36m55.48 kB[39m[2m | [22m
[2m...and 215 more lazy chunks files. Use "--verbose" to show all the files.[22m

Application bundle generation complete. [26.686 seconds] - 2026-08-17T03:32:27.458Z

Watch mode enabled. Watching for file changes...
NOTE: Raw file sizes do not reflect development server per-request transformations.
  [32m➜[39m  [1mLocal[22m:   [36mhttp://localhost:[1m4200[22m/[39m
[2m[32m  ➜[39m[22m[2m  press [22m[1mh + enter[22m[2m to show help[22m
[33m>[39m Changes detected. Rebuilding...
[32m√[39m Changes detected. Rebuilding...
Application bundle generation failed. [22.233 seconds] - 2026-08-17T05:38:31.023Z

[1m[33m[33m▲ [43;33m[[43;30mWARNING[43;33m][0m [1mNG8107: NG8107: The left side of this optional chain operation does not include 'null' or 'undefined' in its type, therefore the '?.' operator can be replaced with the '.' operator. Find more at https://v21.angular.dev/extended-diagnostics/NG8107[0m [1m[35m[plugin angular-compiler][0m

    src/app/modules/examination/results/results.component.ts:133:38:
[37m      133 │ ...    @for (sem of (detail?.[32mavailableSemesters[37m || []); track sem) {
          ╵                              [32m~~~~~~~~~~~~~~~~~~[0m

[39m[22m
[1m[31m[31mX [41;31m[[41;97mERROR[41;31m][0m [1mTS2339: Property 'printDetail' does not exist on type 'ExamResultsComponent'.[0m [1m[35m[plugin angular-compiler][0m

    src/app/modules/examination/results/results.component.ts:125:62:
[37m      125 │ ...s="btn btn-sm btn-primary" (click)="[32mprintDetail[37m()">Print</button>
          ╵                                        [32m~~~~~~~~~~~[0m


[31mX [41;31m[[41;97mERROR[41;31m][0m [1mTS2339: Property 'detailSemester' does not exist on type 'ExamResultsComponent'.[0m [1m[35m[plugin angular-compiler][0m

    src/app/modules/examination/results/results.component.ts:132:57:
[37m      132 │ ...er-select" [(ngModel)]="[32mdetailSemester[37m" (ngModelChange)="onDet...
          ╵                            [32m~~~~~~~~~~~~~~[0m


[31mX [41;31m[[41;97mERROR[41;31m][0m [1mTS2339: Property 'detailSemester' does not exist on type 'ExamResultsComponent'.[0m [1m[35m[plugin angular-compiler][0m

    src/app/modules/examination/results/results.component.ts:132:57:
[37m      132 │ ...er-select" [(ngModel)]="[32mdetailSemester[37m" (ngModelChange)="onDet...
          ╵                            [32m~~~~~~~~~~~~~~[0m


[31mX [41;31m[[41;97mERROR[41;31m][0m [1mTS2339: Property 'onDetailSemesterChange' does not exist on type 'ExamResultsComponent'.[0m [1m[35m[plugin angular-compiler][0m

    src/app/modules/examination/results/results.component.ts:132:90:
[37m      132 │ ...detailSemester" (ngModelChange)="[32monDetailSemesterChange[37m($event)">
          ╵                                     [32m~~~~~~~~~~~~~~~~~~~~~~[0m

[39m[22m
[33m>[39m Changes detected. Rebuilding...
[32m√[39m Changes detected. Rebuilding...
Application bundle generation failed. [2.883 seconds] - 2026-08-17T05:38:33.920Z

[1m[33m[33m▲ [43;33m[[43;30mWARNING[43;33m][0m [1mNG8107: NG8107: The left side of this optional chain operation does not include 'null' or 'undefined' in its type, therefore the '?.' operator can be replaced with the '.' operator. Find more at https://v21.angular.dev/extended-diagnostics/NG8107[0m [1m[35m[plugin angular-compiler][0m

    src/app/modules/examination/results/results.component.ts:133:38:
[37m      133 │ ...    @for (sem of (detail?.[32mavailableSemesters[37m || []); track sem) {
          ╵                              [32m~~~~~~~~~~~~~~~~~~[0m

[39m[22m
[1m[31m[31mX [41;31m[[41;97mERROR[41;31m][0m [1mTS2339: Property 'printDetail' does not exist on type 'ExamResultsComponent'.[0m [1m[35m[plugin angular-compiler][0m

    src/app/modules/examination/results/results.component.ts:125:62:
[37m      125 │ ...s="btn btn-sm btn-primary" (click)="[32mprintDetail[37m()">Print</button>
          ╵                                        [32m~~~~~~~~~~~[0m


[31mX [41;31m[[41;97mERROR[41;31m][0m [1mTS2339: Property 'onDetailSemesterChange' does not exist on type 'ExamResultsComponent'.[0m [1m[35m[plugin angular-compiler][0m

    src/app/modules/examination/results/results.component.ts:132:90:
[37m      132 │ ...detailSemester" (ngModelChange)="[32monDetailSemesterChange[37m($event)">
          ╵                                     [32m~~~~~~~~~~~~~~~~~~~~~~[0m

[39m[22m
[33m>[39m Changes detected. Rebuilding...
[32m√[39m Changes detected. Rebuilding...
[1mInitial chunk files[22m[2m | [22m[1mNames[22m                            [2m | [22m [1mRaw size[22m
[32mstyles.css[39m         [2m | [22m[2mstyles[22m                           [2m | [22m[36m383.78 kB[39m[2m | [22m
[32mmain.js[39m            [2m | [22m[2mmain[22m                             [2m | [22m[36m113.67 kB[39m[2m | [22m
[32mscripts.js[39m         [2m | [22m[2mscripts[22m                          [2m | [22m[36m107.73 kB[39m[2m | [22m
[32mchunk-AEQA3PA2.js[39m  [2m | [22m[2m-[22m                                [2m | [22m  [36m5.67 kB[39m[2m | [22m
[32mchunk-FWCVD5GE.js[39m  [2m | [22m[2m-[22m                                [2m | [22m  [36m4.02 kB[39m[2m | [22m
[32mchunk-YRQ44UL6.js[39m  [2m | [22m[2m-[22m                                [2m | [22m  [36m2.32 kB[39m[2m | [22m
[32mchunk-UYKXC6FV.js[39m  [2m | [22m[2m-[22m                                [2m | [22m  [36m1.90 kB[39m[2m | [22m
[32mchunk-653SOEEV.js[39m  [2m | [22m[2m-[22m                                [2m | [22m  [36m1.51 kB[39m[2m | [22m
[32mchunk-B4F2FIQP.js[39m  [2m | [22m[2m-[22m                                [2m | [22m[36m187 bytes[39m[2m | [22m
[32mpolyfills.js[39m       [2m | [22m[2mpolyfills[22m                        [2m | [22m [36m95 bytes[39m[2m | [22m

[1m [22m                  [2m | [22m[1mInitial total[22m                    [2m | [22m[1m620.88 kB[22m

[1mLazy chunk files[22m   [2m | [22m[1mNames[22m                            [2m | [22m [1mRaw size[22m
[32mchunk-HYHIVNGM.js[39m  [2m | [22m[2mlanding-component[22m                [2m | [22m[36m107.16 kB[39m[2m | [22m
[32mchunk-CTLLXTAS.js[39m  [2m | [22m[2madmin-management-component[22m       [2m | [22m[36m104.44 kB[39m[2m | [22m
[32mchunk-TTGA7GYG.js[39m  [2m | [22m[2mapplicant-dashboard-component[22m    [2m | [22m [36m97.46 kB[39m[2m | [22m
[32mchunk-X7FVLCFK.js[39m  [2m | [22m[2mstudent-dashboard-component[22m      [2m | [22m [36m88.33 kB[39m[2m | [22m
[32mchunk-JYT3XHQU.js[39m  [2m | [22m[2mpre-admission-register-component[22m [2m | [22m [36m87.22 kB[39m[2m | [22m
[32mchunk-CO66GMBR.js[39m  [2m | [22m[2mdashboard-component[22m              [2m | [22m [36m81.80 kB[39m[2m | [22m
[32mchunk-T6YU7VO2.js[39m  [2m | [22m[2mseat-allocations-component[22m       [2m | [22m [36m74.88 kB[39m[2m | [22m
[32mchunk-HWTCJE25.js[39m  [2m | [22m[2msettings-component[22m               [2m | [22m [36m73.32 kB[39m[2m | [22m
[32mchunk-Y4FCHEMU.js[39m  [2m | [22m[2mclass-routine-component[22m          [2m | [22m [36m71.81 kB[39m[2m | [22m
[32mchunk-64O5E6HP.js[39m  [2m | [22m[2madmission-confirmations-component[22m[2m | [22m [36m65.04 kB[39m[2m | [22m
[32mchunk-HNZ23T4M.js[39m  [2m | [22m[2menrollment-component[22m             [2m | [22m [36m63.15 kB[39m[2m | [22m
[32mchunk-P7DXQF5L.js[39m  [2m | [22m[2mcalendar-event-component[22m         [2m | [22m [36m60.21 kB[39m[2m | [22m
[32mchunk-TCFKITZ7.js[39m  [2m | [22m[2mtests-component[22m                  [2m | [22m [36m59.16 kB[39m[2m | [22m
[32mchunk-YSSHDMKV.js[39m  [2m | [22m[2maccount-lock-rules-component[22m     [2m | [22m [36m56.50 kB[39m[2m | [22m
[32mchunk-M3EWXY7A.js[39m  [2m | [22m[2mclassroom-component[22m              [2m | [22m [36m55.48 kB[39m[2m | [22m
[2m...and 215 more lazy chunks files. Use "--verbose" to show all the files.[22m

Application bundle generation complete. [2.906 seconds] - 2026-08-17T05:38:36.838Z

[1m[33m[33m▲ [43;33m[[43;30mWARNING[43;33m][0m [1mNG8107: NG8107: The left side of this optional chain operation does not include 'null' or 'undefined' in its type, therefore the '?.' operator can be replaced with the '.' operator. Find more at https://v21.angular.dev/extended-diagnostics/NG8107[0m [1m[35m[plugin angular-compiler][0m

    src/app/modules/examination/results/results.component.ts:133:38:
[37m      133 │ ...    @for (sem of (detail?.[32mavailableSemesters[37m || []); track sem) {
          ╵                              [32m~~~~~~~~~~~~~~~~~~[0m

[39m[22m
Page reload sent to client(s).
[33m>[39m Changes detected. Rebuilding...
[32m√[39m Changes detected. Rebuilding...
[1mInitial chunk files[22m[2m | [22m[1mNames[22m            [2m | [22m [1mRaw size[22m
[32mmain.js[39m            [2m | [22m[2mmain[22m             [2m | [22m[36m113.67 kB[39m[2m | [22m

[1mLazy chunk files[22m   [2m | [22m[1mNames[22m            [2m | [22m [1mRaw size[22m
[32mchunk-SIFSKUSF.js[39m  [2m | [22m[2mresults-component[22m[2m | [22m [36m52.07 kB[39m[2m | [22m

Application bundle generation complete. [2.911 seconds] - 2026-08-17T05:38:42.190Z

[1m[33m[33m▲ [43;33m[[43;30mWARNING[43;33m][0m [1mNG8107: NG8107: The left side of this optional chain operation does not include 'null' or 'undefined' in its type, therefore the '?.' operator can be replaced with the '.' operator. Find more at https://v21.angular.dev/extended-diagnostics/NG8107[0m [1m[35m[plugin angular-compiler][0m

    src/app/modules/examination/results/results.component.ts:133:38:
[37m      133 │ ...    @for (sem of (detail?.[32mavailableSemesters[37m || []); track sem) {
          ╵                              [32m~~~~~~~~~~~~~~~~~~[0m

[39m[22m
Component update sent to client(s).
[33m>[39m Changes detected. Rebuilding...
[32m√[39m Changes detected. Rebuilding...
[1mInitial chunk files[22m[2m | [22m[1mNames[22m            [2m | [22m [1mRaw size[22m
[32mmain.js[39m            [2m | [22m[2mmain[22m             [2m | [22m[36m113.67 kB[39m[2m | [22m

[1mLazy chunk files[22m   [2m | [22m[1mNames[22m            [2m | [22m [1mRaw size[22m
[32mchunk-LL5UYPVZ.js[39m  [2m | [22m[2mresults-component[22m[2m | [22m [36m52.04 kB[39m[2m | [22m

Application bundle generation complete. [2.910 seconds] - 2026-08-17T05:51:40.643Z

Component update sent to client(s).
[33m>[39m Changes detected. Rebuilding...
[32m√[39m Changes detected. Rebuilding...
[1mInitial chunk files[22m[2m | [22m[1mNames[22m            [2m | [22m [1mRaw size[22m
[32mmain.js[39m            [2m | [22m[2mmain[22m             [2m | [22m[36m113.67 kB[39m[2m | [22m

[1mLazy chunk files[22m   [2m | [22m[1mNames[22m            [2m | [22m [1mRaw size[22m
[32mchunk-6HC56ARD.js[39m  [2m | [22m[2mresults-component[22m[2m | [22m [36m53.08 kB[39m[2m | [22m

Application bundle generation complete. [2.081 seconds] - 2026-08-17T05:51:51.163Z

Component update sent to client(s).
[33m>[39m Changes detected. Rebuilding...
[32m√[39m Changes detected. Rebuilding...
[1mInitial chunk files[22m[2m | [22m[1mNames[22m                      [2m | [22m [1mRaw size[22m
[32mmain.js[39m            [2m | [22m[2mmain[22m                       [2m | [22m[36m113.67 kB[39m[2m | [22m

[1mLazy chunk files[22m   [2m | [22m[1mNames[22m                      [2m | [22m [1mRaw size[22m
[32mchunk-O2DN24KS.js[39m  [2m | [22m[2mmerit-list-detail-component[22m[2m | [22m [36m31.53 kB[39m[2m | [22m

Application bundle generation complete. [2.848 seconds] - 2026-08-17T05:58:31.944Z

Component update sent to client(s).
[33m>[39m Changes detected. Rebuilding...
[32m√[39m Changes detected. Rebuilding...
[1mInitial chunk files[22m[2m | [22m[1mNames[22m                      [2m | [22m [1mRaw size[22m
[32mmain.js[39m            [2m | [22m[2mmain[22m                       [2m | [22m[36m113.67 kB[39m[2m | [22m

[1mLazy chunk files[22m   [2m | [22m[1mNames[22m                      [2m | [22m [1mRaw size[22m
[32mchunk-U6GJQUVZ.js[39m  [2m | [22m[2mmerit-list-detail-component[22m[2m | [22m [36m32.08 kB[39m[2m | [22m

Application bundle generation complete. [1.889 seconds] - 2026-08-17T05:58:41.599Z

Component update sent to client(s).
[33m>[39m Changes detected. Rebuilding...
[32m√[39m Changes detected. Rebuilding...

No output file changes.

Application bundle generation complete. [3.351 seconds] - 2026-08-17T06:33:17.435Z

[33m>[39m Changes detected. Rebuilding...
[32m√[39m Changes detected. Rebuilding...
[1mInitial chunk files[22m[2m | [22m[1mNames[22m              [2m | [22m [1mRaw size[22m
[32mmain.js[39m            [2m | [22m[2mmain[22m               [2m | [22m[36m113.67 kB[39m[2m | [22m

[1mLazy chunk files[22m   [2m | [22m[1mNames[22m              [2m | [22m [1mRaw size[22m
[32mchunk-4T5Y76RO.js[39m  [2m | [22m[2mcirculars-component[22m[2m | [22m [36m17.75 kB[39m[2m | [22m

Application bundle generation complete. [2.040 seconds] - 2026-08-17T06:33:21.674Z

Page reload sent to client(s).
[33m>[39m Changes detected. Rebuilding...
[32m√[39m Changes detected. Rebuilding...
[1mInitial chunk files[22m[2m | [22m[1mNames[22m                      [2m | [22m [1mRaw size[22m
[32mmain.js[39m            [2m | [22m[2mmain[22m                       [2m | [22m[36m113.67 kB[39m[2m | [22m

[1mLazy chunk files[22m   [2m | [22m[1mNames[22m                      [2m | [22m [1mRaw size[22m
[32mchunk-U6WAXHNJ.js[39m  [2m | [22m[2mmerit-lists-component[22m      [2m | [22m [36m46.59 kB[39m[2m | [22m
[32mchunk-O32L7LMF.js[39m  [2m | [22m[2mmerit-list-detail-component[22m[2m | [22m [36m32.08 kB[39m[2m | [22m
[32mchunk-J3S3FKDD.js[39m  [2m | [22m[2m-[22m                          [2m | [22m  [36m5.50 kB[39m[2m | [22m

Application bundle generation complete. [1.829 seconds] - 2026-08-17T06:33:35.041Z

Page reload sent to client(s).
[33m>[39m Changes detected. Rebuilding...
[32m√[39m Changes detected. Rebuilding...
[1mInitial chunk files[22m[2m | [22m[1mNames[22m              [2m | [22m [1mRaw size[22m
[32mmain.js[39m            [2m | [22m[2mmain[22m               [2m | [22m[36m113.67 kB[39m[2m | [22m

[1mLazy chunk files[22m   [2m | [22m[1mNames[22m              [2m | [22m [1mRaw size[22m
[32mchunk-B32P2ICA.js[39m  [2m | [22m[2mcirculars-component[22m[2m | [22m [36m33.06 kB[39m[2m | [22m

Application bundle generation complete. [2.756 seconds] - 2026-08-17T06:33:51.964Z

Page reload sent to client(s).
[33m>[39m Changes detected. Rebuilding...
[32m√[39m Changes detected. Rebuilding...
[1mInitial chunk files[22m[2m | [22m[1mNames[22m                [2m | [22m [1mRaw size[22m
[32mmain.js[39m            [2m | [22m[2mmain[22m                 [2m | [22m[36m113.67 kB[39m[2m | [22m

[1mLazy chunk files[22m   [2m | [22m[1mNames[22m                [2m | [22m [1mRaw size[22m
[32mchunk-4AVNOJJY.js[39m  [2m | [22m[2mmerit-lists-component[22m[2m | [22m [36m58.10 kB[39m[2m | [22m
[32mchunk-CJSSVVYW.js[39m  [2m | [22m[2mcirculars-component[22m  [2m | [22m [36m29.95 kB[39m[2m | [22m
[32mchunk-UURDOOTP.js[39m  [2m | [22m[2m-[22m                    [2m | [22m  [36m3.26 kB[39m[2m | [22m

Application bundle generation complete. [4.481 seconds] - 2026-08-17T06:34:16.896Z

Page reload sent to client(s).
[33m>[39m Changes detected. Rebuilding...
[32m√[39m Changes detected. Rebuilding...
[1mInitial chunk files[22m[2m | [22m[1mNames[22m                [2m | [22m [1mRaw size[22m
[32mmain.js[39m            [2m | [22m[2mmain[22m                 [2m | [22m[36m113.67 kB[39m[2m | [22m

[1mLazy chunk files[22m   [2m | [22m[1mNames[22m                [2m | [22m [1mRaw size[22m
[32mchunk-VQQW2XZX.js[39m  [2m | [22m[2mmerit-lists-component[22m[2m | [22m [36m46.59 kB[39m[2m | [22m
[32mchunk-B32P2ICA.js[39m  [2m | [22m[2mcirculars-component[22m  [2m | [22m [36m33.06 kB[39m[2m | [22m

Application bundle generation complete. [4.123 seconds] - 2026-08-17T06:34:21.024Z

Page reload sent to client(s).
[33m>[39m Changes detected. Rebuilding...
[32m√[39m Changes detected. Rebuilding...
[1mInitial chunk files[22m[2m | [22m[1mNames[22m                 [2m | [22m [1mRaw size[22m
[32mmain.js[39m            [2m | [22m[2mmain[22m                  [2m | [22m[36m113.67 kB[39m[2m | [22m

[1mLazy chunk files[22m   [2m | [22m[1mNames[22m                 [2m | [22m [1mRaw size[22m
[32mchunk-NG4ZHDJR.js[39m  [2m | [22m[2mapplications-component[22m[2m | [22m [36m17.93 kB[39m[2m | [22m

Application bundle generation complete. [3.602 seconds] - 2026-08-17T06:34:24.865Z

Page reload sent to client(s).
[33m>[39m Changes detected. Rebuilding...
[32m√[39m Changes detected. Rebuilding...
Application bundle generation failed. [3.246 seconds] - 2026-08-17T06:46:53.382Z

[1m[31m[31mX [41;31m[[41;97mERROR[41;31m][0m [1mTS2339: Property 'onCircularChange' does not exist on type 'PreAdmissionRegisterComponent'.[0m [1m[35m[plugin angular-compiler][0m

    src/app/modules/admissions/pre-admission-register/pre-admission-register.component.ts:59:122:
[37m      59 │ ...ed class="circ-select" (ngModelChange)="[32monCircularChange[37m($event)">
         ╵                                            [32m~~~~~~~~~~~~~~~~[0m


[31mX [41;31m[[41;97mERROR[41;31m][0m [1mTS2339: Property 'circulars' does not exist on type 'PreAdmissionRegisterComponent'.[0m [1m[35m[plugin angular-compiler][0m

    src/app/modules/admissions/pre-admission-register/pre-admission-register.component.ts:61:29:
[37m      61 │                   @for (c of [32mcirculars[37m; track c.id) {
         ╵                              [32m~~~~~~~~~[0m


[31mX [41;31m[[41;97mERROR[41;31m][0m [1mTS2339: Property 'selectedCircular' does not exist on type 'PreAdmissionRegisterComponent'.[0m [1m[35m[plugin angular-compiler][0m

    src/app/modules/admissions/pre-admission-register/pre-admission-register.component.ts:66:19:
[37m      66 │               @if ([32mselectedCircular[37m) {
         ╵                    [32m~~~~~~~~~~~~~~~~[0m


[31mX [41;31m[[41;97mERROR[41;31m][0m [1mTS2339: Property 'selectedCircular' does not exist on type 'PreAdmissionRegisterComponent'.[0m [1m[35m[plugin angular-compiler][0m

    src/app/modules/admissions/pre-admission-register/pre-admission-register.component.ts:68:74:
[37m      68 │ ...ligibility:</strong> {{ [32mselectedCircular[37m.eligibility || 'Minimu...
         ╵                            [32m~~~~~~~~~~~~~~~~[0m


[31mX [41;31m[[41;97mERROR[41;31m][0m [1mTS2339: Property 'selectedCircular' does not exist on type 'PreAdmissionRegisterComponent'.[0m [1m[35m[plugin angular-compiler][0m

    src/app/modules/admissions/pre-admission-register/pre-admission-register.component.ts:69:71:
[37m      69 │ ...g>Deadline:</strong> {{ [32mselectedCircular[37m.validUntil || 'Open' }...
         ╵                            [32m~~~~~~~~~~~~~~~~[0m


[31mX [41;31m[[41;97mERROR[41;31m][0m [1mTS2339: Property 'selectedCircular' does not exist on type 'PreAdmissionRegisterComponent'.[0m [1m[35m[plugin angular-compiler][0m

    src/app/modules/admissions/pre-admission-register/pre-admission-register.component.ts:70:67:
[37m      70 │ ...trong>Code:</strong> {{ [32mselectedCircular[37m.uniqueCode || 'CIRC-20...
         ╵                            [32m~~~~~~~~~~~~~~~~[0m


[31mX [41;31m[[41;97mERROR[41;31m][0m [1mTS2339: Property 'programs' does not exist on type 'PreAdmissionRegisterComponent'.[0m [1m[35m[plugin angular-compiler][0m

    src/app/modules/admissions/pre-admission-register/pre-admission-register.component.ts:82:29:
[37m      82 │                   @for (p of [32mprograms[37m; track p.id) {
         ╵                              [32m~~~~~~~~[0m


[31mX [41;31m[[41;97mERROR[41;31m][0m [1mTS2339: Property 'programs' does not exist on type 'PreAdmissionRegisterComponent'.[0m [1m[35m[plugin angular-compiler][0m

    src/app/modules/admissions/pre-admission-register/pre-admission-register.component.ts:85:23:
[37m      85 │                   @if ([32mprograms[37m.length === 0) {
         ╵                        [32m~~~~~~~~[0m


[31mX [41;31m[[41;97mERROR[41;31m][0m [1mTS2339: Property 'programs' does not exist on type 'PreAdmissionRegisterComponent'.[0m [1m[35m[plugin angular-compiler][0m

    src/app/modules/admissions/pre-admission-register/pre-admission-register.component.ts:96:29:
[37m      96 │                   @for (p of [32mprograms[37m; track p.id) {
         ╵                              [32m~~~~~~~~[0m


[31mX [41;31m[[41;97mERROR[41;31m][0m [1mTS2339: Property 'programs' does not exist on type 'PreAdmissionRegisterComponent'.[0m [1m[35m[plugin angular-compiler][0m

    src/app/modules/admissions/pre-admission-register/pre-admission-register.component.ts:99:23:
[37m      99 │                   @if ([32mprograms[37m.length === 0) {
         ╵                        [32m~~~~~~~~[0m


[31mX [41;31m[[41;97mERROR[41;31m][0m [1mTS2339: Property 'programs' does not exist on type 'PreAdmissionRegisterComponent'.[0m [1m[35m[plugin angular-compiler][0m

    src/app/modules/admissions/pre-admission-register/pre-admission-register.component.ts:109:29:
[37m      109 │                   @for (p of [32mprograms[37m; track p.id) {
          ╵                              [32m~~~~~~~~[0m


[31mX [41;31m[[41;97mERROR[41;31m][0m [1mTS2339: Property 'programs' does not exist on type 'PreAdmissionRegisterComponent'.[0m [1m[35m[plugin angular-compiler][0m

    src/app/modules/admissions/pre-admission-register/pre-admission-register.component.ts:112:23:
[37m      112 │                   @if ([32mprograms[37m.length === 0) {
          ╵                        [32m~~~~~~~~[0m

[39m[22m
[33m>[39m Changes detected. Rebuilding...
[32m√[39m Changes detected. Rebuilding...
Application bundle generation failed. [2.501 seconds] - 2026-08-17T06:47:23.209Z

[1m[31m[31mX [41;31m[[41;97mERROR[41;31m][0m [1mTS2339: Property 'removePhoto' does not exist on type 'PreAdmissionRegisterComponent'.[0m [1m[35m[plugin angular-compiler][0m

    src/app/modules/admissions/pre-admission-register/pre-admission-register.component.ts:248:70:
[37m      248 │ ..."button" class="photo-remove" (click)="[32mremovePhoto[37m()">×</button>
          ╵                                           [32m~~~~~~~~~~~[0m


[31mX [41;31m[[41;97mERROR[41;31m][0m [1mTS2339: Property 'onPhotoDrop' does not exist on type 'PreAdmissionRegisterComponent'.[0m [1m[35m[plugin angular-compiler][0m

    src/app/modules/admissions/pre-admission-register/pre-admission-register.component.ts:250:148:
[37m      250 │ ...dragover)="$event.preventDefault()" (drop)="[32monPhotoDrop[37m($event)">
          ╵                                                [32m~~~~~~~~~~~[0m


[31mX [41;31m[[41;97mERROR[41;31m][0m [1mTS2339: Property 'onPhotoSelect' does not exist on type 'PreAdmissionRegisterComponent'.[0m [1m[35m[plugin angular-compiler][0m

    src/app/modules/admissions/pre-admission-register/pre-admission-register.component.ts:255:87:
[37m      255 │ ...peg,image/png" (change)="[32monPhotoSelect[37m($event)" style="display...
          ╵                             [32m~~~~~~~~~~~~~[0m


[31mX [41;31m[[41;97mERROR[41;31m][0m [1mTS2339: Property 'removeSignature' does not exist on type 'PreAdmissionRegisterComponent'.[0m [1m[35m[plugin angular-compiler][0m

    src/app/modules/admissions/pre-admission-register/pre-admission-register.component.ts:261:70:
[37m      261 │ ...ton" class="photo-remove" (click)="[32mremoveSignature[37m()">×</button>
          ╵                                       [32m~~~~~~~~~~~~~~~[0m


[31mX [41;31m[[41;97mERROR[41;31m][0m [1mTS2339: Property 'onSignatureDrop' does not exist on type 'PreAdmissionRegisterComponent'.[0m [1m[35m[plugin angular-compiler][0m

    src/app/modules/admissions/pre-admission-register/pre-admission-register.component.ts:263:175:
[37m      263 │ ...over)="$event.preventDefault()" (drop)="[32monSignatureDrop[37m($event)">
          ╵                                            [32m~~~~~~~~~~~~~~~[0m


[31mX [41;31m[[41;97mERROR[41;31m][0m [1mTS2339: Property 'onSignatureSelect' does not exist on type 'PreAdmissionRegisterComponent'.[0m [1m[35m[plugin angular-compiler][0m

    src/app/modules/admissions/pre-admission-register/pre-admission-register.component.ts:268:91:
[37m      268 │ ...g,image/png" (change)="[32monSignatureSelect[37m($event)" style="displ...
          ╵                           [32m~~~~~~~~~~~~~~~~~[0m


[31mX [41;31m[[41;97mERROR[41;31m][0m [1mTS2339: Property 'parseError' does not exist on type 'PreAdmissionRegisterComponent'.[0m [1m[35m[plugin angular-compiler][0m

    src/app/modules/admissions/pre-admission-register/pre-admission-register.component.ts:555:33:
[37m      555 │         this.errorMessage = this.[32mparseError[37m(err);
          ╵                                  [32m~~~~~~~~~~[0m


[31mX [41;31m[[41;97mERROR[41;31m][0m [1mTS1434: Unexpected keyword or identifier.[0m [1m[35m[plugin angular-compiler][0m

    src/app/modules/admissions/pre-admission-register/pre-admission-register.component.ts:561:4:
[37m      561 │     [32mfd[37m.append('firstName', parts[0] || '');
          ╵     [32m~~[0m


[31mX [41;31m[[41;97mERROR[41;31m][0m [1mTS2300: Duplicate identifier 'fd'.[0m [1m[35m[plugin angular-compiler][0m

    src/app/modules/admissions/pre-admission-register/pre-admission-register.component.ts:561:4:
[37m      561 │     [32mfd[37m.append('firstName', parts[0] || '');
          ╵     [32m~~[0m


[31mX [41;31m[[41;97mERROR[41;31m][0m [1mTS2564: Property 'fd' has no initializer and is not definitely assigned in the constructor.[0m [1m[35m[plugin angular-compiler][0m

    src/app/modules/admissions/pre-admission-register/pre-admission-register.component.ts:561:4:
[37m      561 │     [32mfd[37m.append('firstName', parts[0] || '');
          ╵     [32m~~[0m


[31mX [41;31m[[41;97mERROR[41;31m][0m [1mTS2717: Subsequent property declarations must have the same type.  Property 'fd' must be of type 'FormData', but here has type 'any'.[0m [1m[35m[plugin angular-compiler][0m

    src/app/modules/admissions/pre-admission-register/pre-admission-register.component.ts:561:4:
[37m      561 │     [32mfd[37m.append('firstName', parts[0] || '');
          ╵     [32m~~[0m

  'fd' was also declared here.

    src/app/modules/admissions/pre-admission-register/pre-admission-register.component.ts:560:10:
[37m      560 │     const [32mfd[37m = new FormData();
          ╵           [32m~~[0m


[31mX [41;31m[[41;97mERROR[41;31m][0m [1mTS1068: Unexpected token. A constructor, method, accessor, or property was expected.[0m [1m[35m[plugin angular-compiler][0m

    src/app/modules/admissions/pre-admission-register/pre-admission-register.component.ts:561:6:
[37m      561 │     fd[32m.[37mappend('firstName', parts[0] || '');
          ╵       [32m^[0m


[31mX [41;31m[[41;97mERROR[41;31m][0m [1mTS7010: 'append', which lacks return-type annotation, implicitly has an 'any' return type.[0m [1m[35m[plugin angular-compiler][0m

    src/app/modules/admissions/pre-admission-register/pre-admission-register.component.ts:561:7:
[37m      561 │     fd.[32mappend[37m('firstName', parts[0] || '');
          ╵        [32m~~~~~~[0m


[31mX [41;31m[[41;97mERROR[41;31m][0m [1mTS1003: Identifier expected.[0m [1m[35m[plugin angular-compiler][0m

    src/app/modules/admissions/pre-admission-register/pre-admission-register.component.ts:561:14:
[37m      561 │     fd.append([32m'firstName'[37m, parts[0] || '');
          ╵               [32m~~~~~~~~~~~[0m


[31mX [41;31m[[41;97mERROR[41;31m][0m [1mTS2300: Duplicate identifier '(Missing)'.[0m [1m[35m[plugin angular-compiler][0m

    src/app/modules/admissions/pre-admission-register/pre-admission-register.component.ts:561:14:
[37m      561 │     fd.append([32m[37m'firstName', parts[0] || '');
          ╵               [32m^[0m


[31mX [41;31m[[41;97mERROR[41;31m][0m [1mTS7006: Parameter '(Missing)' implicitly has an 'any' type.[0m [1m[35m[plugin angular-compiler][0m

    src/app/modules/admissions/pre-admission-register/pre-admission-register.component.ts:561:14:
[37m      561 │     fd.append([32m[37m'firstName', parts[0] || '');
          ╵               [32m^[0m


[31mX [41;31m[[41;97mERROR[41;31m][0m [1mTS1138: Parameter declaration expected.[0m [1m[35m[plugin angular-compiler][0m

    src/app/modules/admissions/pre-admission-register/pre-admission-register.component.ts:561:25:
[37m      561 │     fd.append('firstName'[32m,[37m parts[0] || '');
          ╵                          [32m^[0m


[31mX [41;31m[[41;97mERROR[41;31m][0m [1mTS7006: Parameter 'parts' implicitly has an 'any' type.[0m [1m[35m[plugin angular-compiler][0m

    src/app/modules/admissions/pre-admission-register/pre-admission-register.component.ts:561:27:
[37m      561 │     fd.append('firstName', [32mparts[37m[0] || '');
          ╵                            [32m~~~~~[0m


[31mX [41;31m[[41;97mERROR[41;31m][0m [1mTS1005: ',' expected.[0m [1m[35m[plugin angular-compiler][0m

    src/app/modules/admissions/pre-admission-register/pre-admission-register.component.ts:561:32:
[37m      561 │     fd.append('firstName', parts[32m[[37m0] || '');
          ╵                                 [32m^[0m


[31mX [41;31m[[41;97mERROR[41;31m][0m [1mTS1181: Array element destructuring pattern expected.[0m [1m[35m[plugin angular-compiler][0m

    src/app/modules/admissions/pre-admission-register/pre-admission-register.component.ts:561:33:
[37m      561 │     fd.append('firstName', parts[[32m0[37m] || '');
          ╵                                  [32m^[0m


[31mX [41;31m[[41;97mERROR[41;31m][0m [1mTS2300: Duplicate identifier '(Missing)'.[0m [1m[35m[plugin angular-compiler][0m

    src/app/modules/admissions/pre-admission-register/pre-admission-register.component.ts:561:33:
[37m      561 │     fd.append('firstName', parts[[32m[37m0] || '');
          ╵                                  [32m^[0m


[31mX [41;31m[[41;97mERROR[41;31m][0m [1mTS7006: Parameter '(Missing)' implicitly has an 'any' type.[0m [1m[35m[plugin angular-compiler][0m

    src/app/modules/admissions/pre-admission-register/pre-admission-register.component.ts:561:33:
[37m      561 │     fd.append('firstName', parts[[32m[37m0] || '');
          ╵                                  [32m^[0m


[31mX [41;31m[[41;97mERROR[41;31m][0m [1mTS1005: ')' expected.[0m [1m[35m[plugin angular-compiler][0m

    src/app/modules/admissions/pre-admission-register/pre-admission-register.component.ts:561:34:
[37m      561 │     fd.append('firstName', parts[0[32m][37m || '');
          ╵                                   [32m^[0m


[31mX [41;31m[[41;97mERROR[41;31m][0m [1mTS1068: Unexpected token. A constructor, method, accessor, or property was expected.[0m [1m[35m[plugin angular-compiler][0m

    src/app/modules/admissions/pre-admission-register/pre-admission-register.component.ts:561:36:
[37m      561 │     fd.append('firstName', parts[0] [32m||[37m '');
          ╵                                     [32m~~[0m


[31mX [41;31m[[41;97mERROR[41;31m][0m [1mTS1005: ';' expected.[0m [1m[35m[plugin angular-compiler][0m

    src/app/modules/admissions/pre-admission-register/pre-admission-register.component.ts:561:41:
[37m      561 │     fd.append('firstName', parts[0] || ''[32m)[37m;
          ╵                                          [32m^[0m


[31mX [41;31m[[41;97mERROR[41;31m][0m [1mTS2304: Cannot find name 'fd'.[0m [1m[35m[plugin angular-compiler][0m

    src/app/modules/admissions/pre-admission-register/pre-admission-register.component.ts:562:4:
[37m      562 │     [32mfd[37m.append('lastName', parts.slice(1).join(' ') || parts[0] ||...
          ╵     [32m~~[0m


[31mX [41;31m[[41;97mERROR[41;31m][0m [1mTS2304: Cannot find name 'parts'.[0m [1m[35m[plugin angular-compiler][0m

    src/app/modules/admissions/pre-admission-register/pre-admission-register.component.ts:562:26:
[37m      562 │     fd.append('lastName', [32mparts[37m.slice(1).join(' ') || parts[0] ||...
          ╵                           [32m~~~~~[0m


[31mX [41;31m[[41;97mERROR[41;31m][0m [1mTS2304: Cannot find name 'parts'.[0m [1m[35m[plugin angular-compiler][0m

    src/app/modules/admissions/pre-admission-register/pre-admission-register.component.ts:562:54:
[37m      562 │ ...d.append('lastName', parts.slice(1).join(' ') || [32mparts[37m[0] || '');
          ╵                                                     [32m~~~~~[0m


[31mX [41;31m[[41;97mERROR[41;31m][0m [1mTS2304: Cannot find name 'fd'.[0m [1m[35m[plugin angular-compiler][0m

    src/app/modules/admissions/pre-admission-register/pre-admission-register.component.ts:563:4:
[37m      563 │     [32mfd[37m.append('email', this.formData.email);
          ╵     [32m~~[0m


[31mX [41;31m[[41;97mERROR[41;31m][0m [1mTS2532: Object is possibly 'undefined'.[0m [1m[35m[plugin angular-compiler][0m

    src/app/modules/admissions/pre-admission-register/pre-admission-register.component.ts:563:23:
[37m      563 │     fd.append('email', [32mthis[37m.formData.email);
          ╵                        [32m~~~~[0m


[31mX [41;31m[[41;97mERROR[41;31m][0m [1mTS2304: Cannot find name 'fd'.[0m [1m[35m[plugin angular-compiler][0m

    src/app/modules/admissions/pre-admission-register/pre-admission-register.component.ts:564:4:
[37m      564 │     [32mfd[37m.append('dateOfBirth', this.formData.dateOfBirth);
          ╵     [32m~~[0m


[31mX [41;31m[[41;97mERROR[41;31m][0m [1mTS2532: Object is possibly 'undefined'.[0m [1m[35m[plugin angular-compiler][0m

    src/app/modules/admissions/pre-admission-register/pre-admission-register.component.ts:564:29:
[37m      564 │     fd.append('dateOfBirth', [32mthis[37m.formData.dateOfBirth);
          ╵                              [32m~~~~[0m


[31mX [41;31m[[41;97mERROR[41;31m][0m [1mTS2304: Cannot find name 'fd'.[0m [1m[35m[plugin angular-compiler][0m

    src/app/modules/admissions/pre-admission-register/pre-admission-register.component.ts:565:4:
[37m      565 │     [32mfd[37m.append('sscGpa', this.formData.sscGpa);
          ╵     [32m~~[0m


[31mX [41;31m[[41;97mERROR[41;31m][0m [1mTS2532: Object is possibly 'undefined'.[0m [1m[35m[plugin angular-compiler][0m

    src/app/modules/admissions/pre-admission-register/pre-admission-register.component.ts:565:24:
[37m      565 │     fd.append('sscGpa', [32mthis[37m.formData.sscGpa);
          ╵                         [32m~~~~[0m


[31mX [41;31m[[41;97mERROR[41;31m][0m [1mTS2304: Cannot find name 'fd'.[0m [1m[35m[plugin angular-compiler][0m

    src/app/modules/admissions/pre-admission-register/pre-admission-register.component.ts:566:4:
[37m      566 │     [32mfd[37m.append('sscYear', this.formData.sscYear);
          ╵     [32m~~[0m


[31mX [41;31m[[41;97mERROR[41;31m][0m [1mTS2532: Object is possibly 'undefined'.[0m [1m[35m[plugin angular-compiler][0m

    src/app/modules/admissions/pre-admission-register/pre-admission-register.component.ts:566:25:
[37m      566 │     fd.append('sscYear', [32mthis[37m.formData.sscYear);
          ╵                          [32m~~~~[0m


[31mX [41;31m[[41;97mERROR[41;31m][0m [1mTS2304: Cannot find name 'fd'.[0m [1m[35m[plugin angular-compiler][0m

    src/app/modules/admissions/pre-admission-register/pre-admission-register.component.ts:567:4:
[37m      567 │     [32mfd[37m.append('sscBoard', this.formData.sscBoard);
          ╵     [32m~~[0m


[31mX [41;31m[[41;97mERROR[41;31m][0m [1mTS2532: Object is possibly 'undefined'.[0m [1m[35m[plugin angular-compiler][0m

    src/app/modules/admissions/pre-admission-register/pre-admission-register.component.ts:567:26:
[37m      567 │     fd.append('sscBoard', [32mthis[37m.formData.sscBoard);
          ╵                           [32m~~~~[0m


[31mX [41;31m[[41;97mERROR[41;31m][0m [1mTS2304: Cannot find name 'fd'.[0m [1m[35m[plugin angular-compiler][0m

    src/app/modules/admissions/pre-admission-register/pre-admission-register.component.ts:568:4:
[37m      568 │     [32mfd[37m.append('hscGpa', this.formData.hscGpa);
          ╵     [32m~~[0m


[31mX [41;31m[[41;97mERROR[41;31m][0m [1mTS2532: Object is possibly 'undefined'.[0m [1m[35m[plugin angular-compiler][0m

    src/app/modules/admissions/pre-admission-register/pre-admission-register.component.ts:568:24:
[37m      568 │     fd.append('hscGpa', [32mthis[37m.formData.hscGpa);
          ╵                         [32m~~~~[0m


[31mX [41;31m[[41;97mERROR[41;31m][0m [1mTS2304: Cannot find name 'fd'.[0m [1m[35m[plugin angular-compiler][0m

    src/app/modules/admissions/pre-admission-register/pre-admission-register.component.ts:569:4:
[37m      569 │     [32mfd[37m.append('hscYear', this.formData.hscYear);
          ╵     [32m~~[0m


[31mX [41;31m[[41;97mERROR[41;31m][0m [1mTS2532: Object is possibly 'undefined'.[0m [1m[35m[plugin angular-compiler][0m

    src/app/modules/admissions/pre-admission-register/pre-admission-register.component.ts:569:25:
[37m      569 │     fd.append('hscYear', [32mthis[37m.formData.hscYear);
          ╵                          [32m~~~~[0m


[31mX [41;31m[[41;97mERROR[41;31m][0m [1mTS2304: Cannot find name 'fd'.[0m [1m[35m[plugin angular-compiler][0m

    src/app/modules/admissions/pre-admission-register/pre-admission-register.component.ts:570:4:
[37m      570 │     [32mfd[37m.append('hscBoard', this.formData.hscBoard);
          ╵     [32m~~[0m


[31mX [41;31m[[41;97mERROR[41;31m][0m [1mTS2532: Object is possibly 'undefined'.[0m [1m[35m[plugin angular-compiler][0m

    src/app/modules/admissions/pre-admission-register/pre-admission-register.component.ts:570:26:
[37m      570 │     fd.append('hscBoard', [32mthis[37m.formData.hscBoard);
          ╵                           [32m~~~~[0m


[31mX [41;31m[[41;97mERROR[41;31m][0m [1mTS2532: Object is possibly 'undefined'.[0m [1m[35m[plugin angular-compiler][0m

    src/app/modules/admissions/pre-admission-register/pre-admission-register.component.ts:571:8:
[37m      571 │     if ([32mthis[37m.formData.phone) fd.append('phone', this.formData.pho...
          ╵         [32m~~~~[0m


[31mX [41;31m[[41;97mERROR[41;31m][0m [1mTS2304: Cannot find name 'fd'.[0m [1m[35m[plugin angular-compiler][0m

    src/app/modules/admissions/pre-admission-register/pre-admission-register.component.ts:571:29:
[37m      571 │     if (this.formData.phone) [32mfd[37m.append('phone', this.formData.pho...
          ╵                              [32m~~[0m


[31mX [41;31m[[41;97mERROR[41;31m][0m [1mTS2532: Object is possibly 'undefined'.[0m [1m[35m[plugin angular-compiler][0m

    src/app/modules/admissions/pre-admission-register/pre-admission-register.component.ts:571:48:
[37m      571 │ ...if (this.formData.phone) fd.append('phone', [32mthis[37m.formData.phone);
          ╵                                                [32m~~~~[0m


[31mX [41;31m[[41;97mERROR[41;31m][0m [1mTS2532: Object is possibly 'undefined'.[0m [1m[35m[plugin angular-compiler][0m

    src/app/modules/admissions/pre-admission-register/pre-admission-register.component.ts:572:8:
[37m      572 │     if ([32mthis[37m.formData.gender) fd.append('gender', this.formData.g...
          ╵         [32m~~~~[0m


[31mX [41;31m[[41;97mERROR[41;31m][0m [1mTS2304: Cannot find name 'fd'.[0m [1m[35m[plugin angular-compiler][0m

    src/app/modules/admissions/pre-admission-register/pre-admission-register.component.ts:572:30:
[37m      572 │     if (this.formData.gender) [32mfd[37m.append('gender', this.formData.g...
          ╵                               [32m~~[0m


[31mX [41;31m[[41;97mERROR[41;31m][0m [1mTS2532: Object is possibly 'undefined'.[0m [1m[35m[plugin angular-compiler][0m

    src/app/modules/admissions/pre-admission-register/pre-admission-register.component.ts:572:50:
[37m      572 │ ...(this.formData.gender) fd.append('gender', [32mthis[37m.formData.gender);
          ╵                                               [32m~~~~[0m


[31mX [41;31m[[41;97mERROR[41;31m][0m [1mTS2532: Object is possibly 'undefined'.[0m [1m[35m[plugin angular-compiler][0m

    src/app/modules/admissions/pre-admission-register/pre-admission-register.component.ts:573:8:
[37m      573 │     if ([32mthis[37m.formData.bloodGroup) fd.append('bloodGroup', this.fo...
          ╵         [32m~~~~[0m


[31mX [41;31m[[41;97mERROR[41;31m][0m [1mTS2304: Cannot find name 'fd'.[0m [1m[35m[plugin angular-compiler][0m

    src/app/modules/admissions/pre-admission-register/pre-admission-register.component.ts:573:34:
[37m      573 │ ...if (this.formData.bloodGroup) [32mfd[37m.append('bloodGroup', this.for...
          ╵                                  [32m~~[0m


[31mX [41;31m[[41;97mERROR[41;31m][0m [1mTS2532: Object is possibly 'undefined'.[0m [1m[35m[plugin angular-compiler][0m

    src/app/modules/admissions/pre-admission-register/pre-admission-register.component.ts:573:58:
[37m      573 │ ...ta.bloodGroup) fd.append('bloodGroup', [32mthis[37m.formData.bloodGroup);
          ╵                                           [32m~~~~[0m


[31mX [41;31m[[41;97mERROR[41;31m][0m [1mTS2532: Object is possibly 'undefined'.[0m [1m[35m[plugin angular-compiler][0m

    src/app/modules/admissions/pre-admission-register/pre-admission-register.component.ts:574:8:
[37m      574 │     if ([32mthis[37m.formData.address) fd.append('address', this.formData...
          ╵         [32m~~~~[0m


[31mX [41;31m[[41;97mERROR[41;31m][0m [1mTS2304: Cannot find name 'fd'.[0m [1m[35m[plugin angular-compiler][0m

    src/app/modules/admissions/pre-admission-register/pre-admission-register.component.ts:574:31:
[37m      574 │     if (this.formData.address) [32mfd[37m.append('address', this.formData...
          ╵                                [32m~~[0m


[31mX [41;31m[[41;97mERROR[41;31m][0m [1mTS2532: Object is possibly 'undefined'.[0m [1m[35m[plugin angular-compiler][0m

    src/app/modules/admissions/pre-admission-register/pre-admission-register.component.ts:574:52:
[37m      574 │ ...is.formData.address) fd.append('address', [32mthis[37m.formData.address);
          ╵                                              [32m~~~~[0m


[31mX [41;31m[[41;97mERROR[41;31m][0m [1mTS2532: Object is possibly 'undefined'.[0m [1m[35m[plugin angular-compiler][0m

    src/app/modules/admissions/pre-admission-register/pre-admission-register.component.ts:575:8:
[37m      575 │     if ([32mthis[37m.formData.fatherName) fd.append('fatherName', this.fo...
          ╵         [32m~~~~[0m


[31mX [41;31m[[41;97mERROR[41;31m][0m [1mTS2304: Cannot find name 'fd'.[0m [1m[35m[plugin angular-compiler][0m

    src/app/modules/admissions/pre-admission-register/pre-admission-register.component.ts:575:34:
[37m      575 │ ...if (this.formData.fatherName) [32mfd[37m.append('fatherName', this.for...
          ╵                                  [32m~~[0m


[31mX [41;31m[[41;97mERROR[41;31m][0m [1mTS2532: Object is possibly 'undefined'.[0m [1m[35m[plugin angular-compiler][0m

    src/app/modules/admissions/pre-admission-register/pre-admission-register.component.ts:575:58:
[37m      575 │ ...ta.fatherName) fd.append('fatherName', [32mthis[37m.formData.fatherName);
          ╵                                           [32m~~~~[0m


[31mX [41;31m[[41;97mERROR[41;31m][0m [1mTS2532: Object is possibly 'undefined'.[0m [1m[35m[plugin angular-compiler][0m

    src/app/modules/admissions/pre-admission-register/pre-admission-register.component.ts:576:8:
[37m      576 │     if ([32mthis[37m.formData.motherName) fd.append('motherName', this.fo...
          ╵         [32m~~~~[0m


[31mX [41;31m[[41;97mERROR[41;31m][0m [1mTS2304: Cannot find name 'fd'.[0m [1m[35m[plugin angular-compiler][0m

    src/app/modules/admissions/pre-admission-register/pre-admission-register.component.ts:576:34:
[37m      576 │ ...if (this.formData.motherName) [32mfd[37m.append('motherName', this.for...
          ╵                                  [32m~~[0m


[31mX [41;31m[[41;97mERROR[41;31m][0m [1mTS2532: Object is possibly 'undefined'.[0m [1m[35m[plugin angular-compiler][0m

    src/app/modules/admissions/pre-admission-register/pre-admission-register.component.ts:576:58:
[37m      576 │ ...ta.motherName) fd.append('motherName', [32mthis[37m.formData.motherName);
          ╵                                           [32m~~~~[0m


[31mX [41;31m[[41;97mERROR[41;31m][0m [1mTS2532: Object is possibly 'undefined'.[0m [1m[35m[plugin angular-compiler][0m

    src/app/modules/admissions/pre-admission-register/pre-admission-register.component.ts:577:8:
[37m      577 │     if ([32mthis[37m.formData.guardianPhone) fd.append('guardianPhone', t...
          ╵         [32m~~~~[0m


[31mX [41;31m[[41;97mERROR[41;31m][0m [1mTS2304: Cannot find name 'fd'.[0m [1m[35m[plugin angular-compiler][0m

    src/app/modules/admissions/pre-admission-register/pre-admission-register.component.ts:577:37:
[37m      577 │ ...(this.formData.guardianPhone) [32mfd[37m.append('guardianPhone', this....
          ╵                                  [32m~~[0m


[31mX [41;31m[[41;97mERROR[41;31m][0m [1mTS2532: Object is possibly 'undefined'.[0m [1m[35m[plugin angular-compiler][0m

    src/app/modules/admissions/pre-admission-register/pre-admission-register.component.ts:577:64:
[37m      577 │ ...anPhone) fd.append('guardianPhone', [32mthis[37m.formData.guardianPhone);
          ╵                                        [32m~~~~[0m


[31mX [41;31m[[41;97mERROR[41;31m][0m [1mTS2532: Object is possibly 'undefined'.[0m [1m[35m[plugin angular-compiler][0m

    src/app/modules/admissions/pre-admission-register/pre-admission-register.component.ts:578:8:
[37m      578 │     if ([32mthis[37m.formData.programPreference1) fd.append('programPrefe...
          ╵         [32m~~~~[0m


[31mX [41;31m[[41;97mERROR[41;31m][0m [1mTS2304: Cannot find name 'fd'.[0m [1m[35m[plugin angular-compiler][0m

    src/app/modules/admissions/pre-admission-register/pre-admission-register.component.ts:578:42:
[37m      578 │ ....formData.programPreference1) [32mfd[37m.append('programPreference1', ...
          ╵                                  [32m~~[0m


[31mX [41;31m[[41;97mERROR[41;31m][0m [1mTS2532: Object is possibly 'undefined'.[0m [1m[35m[plugin angular-compiler][0m

    src/app/modules/admissions/pre-admission-register/pre-admission-register.component.ts:578:74:
[37m      578 │ ...d.append('programPreference1', [32mthis[37m.formData.programPreference1);
          ╵                                   [32m~~~~[0m


[31mX [41;31m[[41;97mERROR[41;31m][0m [1mTS2532: Object is possibly 'undefined'.[0m [1m[35m[plugin angular-compiler][0m

    src/app/modules/admissions/pre-admission-register/pre-admission-register.component.ts:579:8:
[37m      579 │     if ([32mthis[37m.formData.programPreference2) fd.append('programPrefe...
          ╵         [32m~~~~[0m


[31mX [41;31m[[41;97mERROR[41;31m][0m [1mTS2304: Cannot find name 'fd'.[0m [1m[35m[plugin angular-compiler][0m

    src/app/modules/admissions/pre-admission-register/pre-admission-register.component.ts:579:42:
[37m      579 │ ....formData.programPreference2) [32mfd[37m.append('programPreference2', ...
          ╵                                  [32m~~[0m


[31mX [41;31m[[41;97mERROR[41;31m][0m [1mTS2532: Object is possibly 'undefined'.[0m [1m[35m[plugin angular-compiler][0m

    src/app/modules/admissions/pre-admission-register/pre-admission-register.component.ts:579:74:
[37m      579 │ ...d.append('programPreference2', [32mthis[37m.formData.programPreference2);
          ╵                                   [32m~~~~[0m


[31mX [41;31m[[41;97mERROR[41;31m][0m [1mTS2532: Object is possibly 'undefined'.[0m [1m[35m[plugin angular-compiler][0m

    src/app/modules/admissions/pre-admission-register/pre-admission-register.component.ts:580:8:
[37m      580 │     if ([32mthis[37m.formData.programPreference3) fd.append('programPrefe...
          ╵         [32m~~~~[0m


[31mX [41;31m[[41;97mERROR[41;31m][0m [1mTS2304: Cannot find name 'fd'.[0m [1m[35m[plugin angular-compiler][0m

    src/app/modules/admissions/pre-admission-register/pre-admission-register.component.ts:580:42:
[37m      580 │ ....formData.programPreference3) [32mfd[37m.append('programPreference3', ...
          ╵                                  [32m~~[0m


[31mX [41;31m[[41;97mERROR[41;31m][0m [1mTS2532: Object is possibly 'undefined'.[0m [1m[35m[plugin angular-compiler][0m

    src/app/modules/admissions/pre-admission-register/pre-admission-register.component.ts:580:74:
[37m      580 │ ...d.append('programPreference3', [32mthis[37m.formData.programPreference3);
          ╵                                   [32m~~~~[0m


[31mX [41;31m[[41;97mERROR[41;31m][0m [1mTS2532: Object is possibly 'undefined'.[0m [1m[35m[plugin angular-compiler][0m

    src/app/modules/admissions/pre-admission-register/pre-admission-register.component.ts:581:8:
[37m      581 │     if ([32mthis[37m.photoFile) fd.append('photo', this.photoFile);
          ╵         [32m~~~~[0m


[31mX [41;31m[[41;97mERROR[41;31m][0m [1mTS2304: Cannot find name 'fd'.[0m [1m[35m[plugin angular-compiler][0m

    src/app/modules/admissions/pre-admission-register/pre-admission-register.component.ts:581:24:
[37m      581 │     if (this.photoFile) [32mfd[37m.append('photo', this.photoFile);
          ╵                         [32m~~[0m


[31mX [41;31m[[41;97mERROR[41;31m][0m [1mTS2532: Object is possibly 'undefined'.[0m [1m[35m[plugin angular-compiler][0m

    src/app/modules/admissions/pre-admission-register/pre-admission-register.component.ts:581:43:
[37m      581 │     if (this.photoFile) fd.append('photo', [32mthis[37m.photoFile);
          ╵                                            [32m~~~~[0m


[31mX [41;31m[[41;97mERROR[41;31m][0m [1mTS2532: Object is possibly 'undefined'.[0m [1m[35m[plugin angular-compiler][0m

    src/app/modules/admissions/pre-admission-register/pre-admission-register.component.ts:582:8:
[37m      582 │     if ([32mthis[37m.signatureFile) fd.append('signature', this.signature...
          ╵         [32m~~~~[0m


[31mX [41;31m[[41;97mERROR[41;31m][0m [1mTS2304: Cannot find name 'fd'.[0m [1m[35m[plugin angular-compiler][0m

    src/app/modules/admissions/pre-admission-register/pre-admission-register.component.ts:582:28:
[37m      582 │     if (this.signatureFile) [32mfd[37m.append('signature', this.signature...
          ╵                             [32m~~[0m


[31mX [41;31m[[41;97mERROR[41;31m][0m [1mTS2532: Object is possibly 'undefined'.[0m [1m[35m[plugin angular-compiler][0m

    src/app/modules/admissions/pre-admission-register/pre-admission-register.component.ts:582:51:
[37m      582 │ ... (this.signatureFile) fd.append('signature', [32mthis[37m.signatureFile);
          ╵                                                 [32m~~~~[0m


[31mX [41;31m[[41;97mERROR[41;31m][0m [1mTS2532: Object is possibly 'undefined'.[0m [1m[35m[plugin angular-compiler][0m

    src/app/modules/admissions/pre-admission-register/pre-admission-register.component.ts:583:8:
[37m      583 │     if ([32mthis[37m.formData.password) fd.append('password', this.formDa...
          ╵         [32m~~~~[0m


[31mX [41;31m[[41;97mERROR[41;31m][0m [1mTS2304: Cannot find name 'fd'.[0m [1m[35m[plugin angular-compiler][0m

    src/app/modules/admissions/pre-admission-register/pre-admission-register.component.ts:583:32:
[37m      583 │     if (this.formData.password) [32mfd[37m.append('password', this.formDa...
          ╵                                 [32m~~[0m


[31mX [41;31m[[41;97mERROR[41;31m][0m [1mTS2532: Object is possibly 'undefined'.[0m [1m[35m[plugin angular-compiler][0m

    src/app/modules/admissions/pre-admission-register/pre-admission-register.component.ts:583:54:
[37m      583 │ ...formData.password) fd.append('password', [32mthis[37m.formData.password);
          ╵                                             [32m~~~~[0m


[31mX [41;31m[[41;97mERROR[41;31m][0m [1mTS2532: Object is possibly 'undefined'.[0m [1m[35m[plugin angular-compiler][0m

    src/app/modules/admissions/pre-admission-register/pre-admission-register.component.ts:585:4:
[37m      585 │     [32mthis[37m.service.register(fd).subscribe({
          ╵     [32m~~~~[0m


[31mX [41;31m[[41;97mERROR[41;31m][0m [1mTS2304: Cannot find name 'fd'.[0m [1m[35m[plugin angular-compiler][0m

    src/app/modules/admissions/pre-admission-register/pre-admission-register.component.ts:585:26:
[37m      585 │     this.service.register([32mfd[37m).subscribe({
          ╵                           [32m~~[0m


[31mX [41;31m[[41;97mERROR[41;31m][0m [1mTS7006: Parameter 'res' implicitly has an 'any' type.[0m [1m[35m[plugin angular-compiler][0m

    src/app/modules/admissions/pre-admission-register/pre-admission-register.component.ts:586:13:
[37m      586 │       next: ([32mres[37m) => {
          ╵              [32m~~~[0m


[31mX [41;31m[[41;97mERROR[41;31m][0m [1mTS2532: Object is possibly 'undefined'.[0m [1m[35m[plugin angular-compiler][0m

    src/app/modules/admissions/pre-admission-register/pre-admission-register.component.ts:587:8:
[37m      587 │         [32mthis[37m.submitting = false;
          ╵         [32m~~~~[0m


[31mX [41;31m[[41;97mERROR[41;31m][0m [1mTS2532: Object is possibly 'undefined'.[0m [1m[35m[plugin angular-compiler][0m

    src/app/modules/admissions/pre-admission-register/pre-admission-register.component.ts:588:8:
[37m      588 │         [32mthis[37m.registrationResult = res;
          ╵         [32m~~~~[0m


[31mX [41;31m[[41;97mERROR[41;31m][0m [1mTS2532: Object is possibly 'undefined'.[0m [1m[35m[plugin angular-compiler][0m

    src/app/modules/admissions/pre-admission-register/pre-admission-register.component.ts:589:8:
[37m      589 │         [32mthis[37m.router.navigate(['/pre-admission/registration-succes...
          ╵         [32m~~~~[0m


[31mX [41;31m[[41;97mERROR[41;31m][0m [1mTS7006: Parameter 'err' implicitly has an 'any' type.[0m [1m[35m[plugin angular-compiler][0m

    src/app/modules/admissions/pre-admission-register/pre-admission-register.component.ts:605:14:
[37m      605 │       error: ([32merr[37m) => {
          ╵               [32m~~~[0m


[31mX [41;31m[[41;97mERROR[41;31m][0m [1mTS2532: Object is possibly 'undefined'.[0m [1m[35m[plugin angular-compiler][0m

    src/app/modules/admissions/pre-admission-register/pre-admission-register.component.ts:606:8:
[37m      606 │         [32mthis[37m.submitting = false;
          ╵         [32m~~~~[0m


[31mX [41;31m[[41;97mERROR[41;31m][0m [1mTS2532: Object is possibly 'undefined'.[0m [1m[35m[plugin angular-compiler][0m

    src/app/modules/admissions/pre-admission-register/pre-admission-register.component.ts:607:8:
[37m      607 │         [32mthis[37m.errorMessage = this.parseError(err);
          ╵         [32m~~~~[0m


[31mX [41;31m[[41;97mERROR[41;31m][0m [1mTS2532: Object is possibly 'undefined'.[0m [1m[35m[plugin angular-compiler][0m

    src/app/modules/admissions/pre-admission-register/pre-admission-register.component.ts:607:28:
[37m      607 │         this.errorMessage = [32mthis[37m.parseError(err);
          ╵                             [32m~~~~[0m


[31mX [41;31m[[41;97mERROR[41;31m][0m [1mTS1128: Declaration or statement expected.[0m [1m[35m[plugin angular-compiler][0m

    src/app/modules/admissions/pre-admission-register/pre-admission-register.component.ts:610:2:
[37m      610 │   [32m}[37m
          ╵   [32m^[0m


[31mX [41;31m[[41;97mERROR[41;31m][0m [1mTS1128: Declaration or statement expected.[0m [1m[35m[plugin angular-compiler][0m

    src/app/modules/admissions/pre-admission-register/pre-admission-register.component.ts:612:2:
[37m      612 │   [32mprivate[37m parseError(err: any): string {
          ╵   [32m~~~~~~~[0m


[31mX [41;31m[[41;97mERROR[41;31m][0m [1mTS2304: Cannot find name 'parseError'.[0m [1m[35m[plugin angular-compiler][0m

    src/app/modules/admissions/pre-admission-register/pre-admission-register.component.ts:612:10:
[37m      612 │   private [32mparseError[37m(err: any): string {
          ╵           [32m~~~~~~~~~~[0m


[31mX [41;31m[[41;97mERROR[41;31m][0m [1mTS2304: Cannot find name 'err'.[0m [1m[35m[plugin angular-compiler][0m

    src/app/modules/admissions/pre-admission-register/pre-admission-register.component.ts:612:21:
[37m      612 │   private parseError([32merr[37m: any): string {
          ╵                      [32m~~~[0m


[31mX [41;31m[[41;97mERROR[41;31m][0m [1mTS1005: ',' expected.[0m [1m[35m[plugin angular-compiler][0m

    src/app/modules/admissions/pre-admission-register/pre-admission-register.component.ts:612:24:
[37m      612 │   private parseError(err[32m:[37m any): string {
          ╵                         [32m^[0m


[31mX [41;31m[[41;97mERROR[41;31m][0m [1mTS2693: 'any' only refers to a type, but is being used as a value here.[0m [1m[35m[plugin angular-compiler][0m

    src/app/modules/admissions/pre-admission-register/pre-admission-register.component.ts:612:26:
[37m      612 │   private parseError(err: [32many[37m): string {
          ╵                           [32m~~~[0m


[31mX [41;31m[[41;97mERROR[41;31m][0m [1mTS1005: ';' expected.[0m [1m[35m[plugin angular-compiler][0m

    src/app/modules/admissions/pre-admission-register/pre-admission-register.component.ts:612:30:
[37m      612 │   private parseError(err: any)[32m:[37m string {
          ╵                               [32m^[0m


[31mX [41;31m[[41;97mERROR[41;31m][0m [1mTS1434: Unexpected keyword or identifier.[0m [1m[35m[plugin angular-compiler][0m

    src/app/modules/admissions/pre-admission-register/pre-admission-register.component.ts:612:32:
[37m      612 │   private parseError(err: any): [32mstring[37m {
          ╵                                 [32m~~~~~~[0m


[31mX [41;31m[[41;97mERROR[41;31m][0m [1mTS2693: 'string' only refers to a type, but is being used as a value here.[0m [1m[35m[plugin angular-compiler][0m

    src/app/modules/admissions/pre-admission-register/pre-admission-register.component.ts:612:32:
[37m      612 │   private parseError(err: any): [32mstring[37m {
          ╵                                 [32m~~~~~~[0m


[31mX [41;31m[[41;97mERROR[41;31m][0m [1mTS2304: Cannot find name 'err'.[0m [1m[35m[plugin angular-compiler][0m

    src/app/modules/admissions/pre-admission-register/pre-admission-register.component.ts:613:8:
[37m      613 │     if ([32merr[37m.status === 0 || !err.status) {
          ╵         [32m~~~[0m


[31mX [41;31m[[41;97mERROR[41;31m][0m [1mTS2304: Cannot find name 'err'.[0m [1m[35m[plugin angular-compiler][0m

    src/app/modules/admissions/pre-admission-register/pre-admission-register.component.ts:613:29:
[37m      613 │     if (err.status === 0 || ![32merr[37m.status) {
          ╵                              [32m~~~[0m


[31mX [41;31m[[41;97mERROR[41;31m][0m [1mTS2304: Cannot find name 'err'.[0m [1m[35m[plugin angular-compiler][0m

    src/app/modules/admissions/pre-admission-register/pre-admission-register.component.ts:616:8:
[37m      616 │     if ([32merr[37m.status === 503 || err.status === 502) {
          ╵         [32m~~~[0m


[31mX [41;31m[[41;97mERROR[41;31m][0m [1mTS2304: Cannot find name 'err'.[0m [1m[35m[plugin angular-compiler][0m

    src/app/modules/admissions/pre-admission-register/pre-admission-register.component.ts:616:30:
[37m      616 │     if (err.status === 503 || [32merr[37m.status === 502) {
          ╵                               [32m~~~[0m


[31mX [41;31m[[41;97mERROR[41;31m][0m [1mTS2304: Cannot find name 'err'.[0m [1m[35m[plugin angular-compiler][0m

    src/app/modules/admissions/pre-admission-register/pre-admission-register.component.ts:619:8:
[37m      619 │     if ([32merr[37m.status === 500) {
          ╵         [32m~~~[0m


[31mX [41;31m[[41;97mERROR[41;31m][0m [1mTS2304: Cannot find name 'err'.[0m [1m[35m[plugin angular-compiler][0m

    src/app/modules/admissions/pre-admission-register/pre-admission-register.component.ts:620:19:
[37m      620 │       const msg = ([32merr[37m.error?.message || '').toLowerCase();
          ╵                    [32m~~~[0m


[31mX [41;31m[[41;97mERROR[41;31m][0m [1mTS2304: Cannot find name 'err'.[0m [1m[35m[plugin angular-compiler][0m

    src/app/modules/admissions/pre-admission-register/pre-admission-register.component.ts:626:8:
[37m      626 │     if ([32merr[37m.status === 403) {
          ╵         [32m~~~[0m


[31mX [41;31m[[41;97mERROR[41;31m][0m [1mTS2304: Cannot find name 'err'.[0m [1m[35m[plugin angular-compiler][0m

    src/app/modules/admissions/pre-admission-register/pre-admission-register.component.ts:627:19:
[37m      627 │       const msg = ([32merr[37m.error?.message || '').toLowerCase();
          ╵                    [32m~~~[0m


[31mX [41;31m[[41;97mERROR[41;31m][0m [1mTS2304: Cannot find name 'err'.[0m [1m[35m[plugin angular-compiler][0m

    src/app/modules/admissions/pre-admission-register/pre-admission-register.component.ts:633:8:
[37m      633 │     if ([32merr[37m.status === 404) {
          ╵         [32m~~~[0m


[31mX [41;31m[[41;97mERROR[41;31m][0m [1mTS2304: Cannot find name 'err'.[0m [1m[35m[plugin angular-compiler][0m

    src/app/modules/admissions/pre-admission-register/pre-admission-register.component.ts:636:17:
[37m      636 │     const body = [32merr[37m.error;
          ╵                  [32m~~~[0m


[31mX [41;31m[[41;97mERROR[41;31m][0m [1mTS2304: Cannot find name 'err'.[0m [1m[35m[plugin angular-compiler][0m

    src/app/modules/admissions/pre-admission-register/pre-admission-register.component.ts:672:8:
[37m      672 │     if ([32merr[37m.message) {
          ╵         [32m~~~[0m


[31mX [41;31m[[41;97mERROR[41;31m][0m [1mTS2304: Cannot find name 'err'.[0m [1m[35m[plugin angular-compiler][0m

    src/app/modules/admissions/pre-admission-register/pre-admission-register.component.ts:673:10:
[37m      673 │       if ([32merr[37m.message.includes('HttpErrorResponse')) {
          ╵           [32m~~~[0m


[31mX [41;31m[[41;97mERROR[41;31m][0m [1mTS2304: Cannot find name 'err'.[0m [1m[35m[plugin angular-compiler][0m

    src/app/modules/admissions/pre-admission-register/pre-admission-register.component.ts:676:10:
[37m      676 │       if ([32merr[37m.message.includes('timeout')) {
          ╵           [32m~~~[0m


[31mX [41;31m[[41;97mERROR[41;31m][0m [1mTS2304: Cannot find name 'onPhotoSelect'.[0m [1m[35m[plugin angular-compiler][0m

    src/app/modules/admissions/pre-admission-register/pre-admission-register.component.ts:684:2:
[37m      684 │   [32monPhotoSelect[37m(event: Event) {
          ╵   [32m~~~~~~~~~~~~~[0m


[31mX [41;31m[[41;97mERROR[41;31m][0m [1mTS1005: ',' expected.[0m [1m[35m[plugin angular-compiler][0m

    src/app/modules/admissions/pre-admission-register/pre-admission-register.component.ts:684:21:
[37m      684 │   onPhotoSelect(event[32m:[37m Event) {
          ╵                      [32m^[0m


[31mX [41;31m[[41;97mERROR[41;31m][0m [1mTS1005: ';' expected.[0m [1m[35m[plugin angular-compiler][0m

    src/app/modules/admissions/pre-admission-register/pre-admission-register.component.ts:684:30:
[37m      684 │   onPhotoSelect(event: Event) [32m{[37m
          ╵                               [32m^[0m


[31mX [41;31m[[41;97mERROR[41;31m][0m [1mTS18048: 'event' is possibly 'undefined'.[0m [1m[35m[plugin angular-compiler][0m

    src/app/modules/admissions/pre-admission-register/pre-admission-register.component.ts:685:18:
[37m      685 │     const file = ([32mevent[37m.target as HTMLInputElement).files?.[0];
          ╵                   [32m~~~~~[0m


[31mX [41;31m[[41;97mERROR[41;31m][0m [1mTS2532: Object is possibly 'undefined'.[0m [1m[35m[plugin angular-compiler][0m

    src/app/modules/admissions/pre-admission-register/pre-admission-register.component.ts:686:14:
[37m      686 │     if (file) [32mthis[37m.processPhoto(file);
          ╵               [32m~~~~[0m


[31mX [41;31m[[41;97mERROR[41;31m][0m [1mTS2304: Cannot find name 'onPhotoDrop'.[0m [1m[35m[plugin angular-compiler][0m

    src/app/modules/admissions/pre-admission-register/pre-admission-register.component.ts:689:2:
[37m      689 │   [32monPhotoDrop[37m(event: DragEvent) {
          ╵   [32m~~~~~~~~~~~[0m


[31mX [41;31m[[41;97mERROR[41;31m][0m [1mTS1005: ',' expected.[0m [1m[35m[plugin angular-compiler][0m

    src/app/modules/admissions/pre-admission-register/pre-admission-register.component.ts:689:19:
[37m      689 │   onPhotoDrop(event[32m:[37m DragEvent) {
          ╵                    [32m^[0m


[31mX [41;31m[[41;97mERROR[41;31m][0m [1mTS1005: ';' expected.[0m [1m[35m[plugin angular-compiler][0m

    src/app/modules/admissions/pre-admission-register/pre-admission-register.component.ts:689:32:
[37m      689 │   onPhotoDrop(event: DragEvent) [32m{[37m
          ╵                                 [32m^[0m


[31mX [41;31m[[41;97mERROR[41;31m][0m [1mTS18048: 'event' is possibly 'undefined'.[0m [1m[35m[plugin angular-compiler][0m

    src/app/modules/admissions/pre-admission-register/pre-admission-register.component.ts:690:4:
[37m      690 │     [32mevent[37m.preventDefault();
          ╵     [32m~~~~~[0m


[31mX [41;31m[[41;97mERROR[41;31m][0m [1mTS18048: 'event' is possibly 'undefined'.[0m [1m[35m[plugin angular-compiler][0m

    src/app/modules/admissions/pre-admission-register/pre-admission-register.component.ts:691:17:
[37m      691 │     const file = [32mevent[37m.dataTransfer?.files?.[0];
          ╵                  [32m~~~~~[0m


[31mX [41;31m[[41;97mERROR[41;31m][0m [1mTS2339: Property 'dataTransfer' does not exist on type 'Event'.[0m [1m[35m[plugin angular-compiler][0m

    src/app/modules/admissions/pre-admission-register/pre-admission-register.component.ts:691:23:
[37m      691 │     const file = event.[32mdataTransfer[37m?.files?.[0];
          ╵                        [32m~~~~~~~~~~~~[0m


[31mX [41;31m[[41;97mERROR[41;31m][0m [1mTS2532: Object is possibly 'undefined'.[0m [1m[35m[plugin angular-compiler][0m

    src/app/modules/admissions/pre-admission-register/pre-admission-register.component.ts:692:14:
[37m      692 │     if (file) [32mthis[37m.processPhoto(file);
          ╵               [32m~~~~[0m


[31mX [41;31m[[41;97mERROR[41;31m][0m [1mTS2304: Cannot find name 'processPhoto'.[0m [1m[35m[plugin angular-compiler][0m

    src/app/modules/admissions/pre-admission-register/pre-admission-register.component.ts:695:2:
[37m      695 │   [32mprocessPhoto[37m(file: File) {
          ╵   [32m~~~~~~~~~~~~[0m


[31mX [41;31m[[41;97mERROR[41;31m][0m [1mTS2304: Cannot find name 'file'.[0m [1m[35m[plugin angular-compiler][0m

    src/app/modules/admissions/pre-admission-register/pre-admission-register.component.ts:695:15:
[37m      695 │   processPhoto([32mfile[37m: File) {
          ╵                [32m~~~~[0m


[31mX [41;31m[[41;97mERROR[41;31m][0m [1mTS1005: ',' expected.[0m [1m[35m[plugin angular-compiler][0m

    src/app/modules/admissions/pre-admission-register/pre-admission-register.component.ts:695:19:
[37m      695 │   processPhoto(file[32m:[37m File) {
          ╵                    [32m^[0m


[31mX [41;31m[[41;97mERROR[41;31m][0m [1mTS1005: ';' expected.[0m [1m[35m[plugin angular-compiler][0m

    src/app/modules/admissions/pre-admission-register/pre-admission-register.component.ts:695:27:
[37m      695 │   processPhoto(file: File) [32m{[37m
          ╵                            [32m^[0m


[31mX [41;31m[[41;97mERROR[41;31m][0m [1mTS2304: Cannot find name 'file'.[0m [1m[35m[plugin angular-compiler][0m

    src/app/modules/admissions/pre-admission-register/pre-admission-register.component.ts:696:8:
[37m      696 │     if ([32mfile[37m.size > 2 * 1024 * 1024) {
          ╵         [32m~~~~[0m


[31mX [41;31m[[41;97mERROR[41;31m][0m [1mTS2532: Object is possibly 'undefined'.[0m [1m[35m[plugin angular-compiler][0m

    src/app/modules/admissions/pre-admission-register/pre-admission-register.component.ts:697:6:
[37m      697 │       [32mthis[37m.errorMessage = 'Photo must be less than 2MB';
          ╵       [32m~~~~[0m


[31mX [41;31m[[41;97mERROR[41;31m][0m [1mTS2304: Cannot find name 'file'.[0m [1m[35m[plugin angular-compiler][0m

    src/app/modules/admissions/pre-admission-register/pre-admission-register.component.ts:700:46:
[37m      700 │     if (!['image/jpeg', 'image/png'].includes([32mfile[37m.type)) {
          ╵                                               [32m~~~~[0m


[31mX [41;31m[[41;97mERROR[41;31m][0m [1mTS2532: Object is possibly 'undefined'.[0m [1m[35m[plugin angular-compiler][0m

    src/app/modules/admissions/pre-admission-register/pre-admission-register.component.ts:701:6:
[37m      701 │       [32mthis[37m.errorMessage = 'Only JPG and PNG files are allowed';
          ╵       [32m~~~~[0m


[31mX [41;31m[[41;97mERROR[41;31m][0m [1mTS2532: Object is possibly 'undefined'.[0m [1m[35m[plugin angular-compiler][0m

    src/app/modules/admissions/pre-admission-register/pre-admission-register.component.ts:704:4:
[37m      704 │     [32mthis[37m.photoFile = file;
          ╵     [32m~~~~[0m


[31mX [41;31m[[41;97mERROR[41;31m][0m [1mTS2304: Cannot find name 'file'.[0m [1m[35m[plugin angular-compiler][0m

    src/app/modules/admissions/pre-admission-register/pre-admission-register.component.ts:704:21:
[37m      704 │     this.photoFile = [32mfile[37m;
          ╵                      [32m~~~~[0m


[31mX [41;31m[[41;97mERROR[41;31m][0m [1mTS2532: Object is possibly 'undefined'.[0m [1m[35m[plugin angular-compiler][0m

    src/app/modules/admissions/pre-admission-register/pre-admission-register.component.ts:705:4:
[37m      705 │     [32mthis[37m.photoPreview = URL.createObjectURL(file);
          ╵     [32m~~~~[0m


[31mX [41;31m[[41;97mERROR[41;31m][0m [1mTS2304: Cannot find name 'file'.[0m [1m[35m[plugin angular-compiler][0m

    src/app/modules/admissions/pre-admission-register/pre-admission-register.component.ts:705:44:
[37m      705 │     this.photoPreview = URL.createObjectURL([32mfile[37m);
          ╵                                             [32m~~~~[0m


[31mX [41;31m[[41;97mERROR[41;31m][0m [1mTS2304: Cannot find name 'removePhoto'.[0m [1m[35m[plugin angular-compiler][0m

    src/app/modules/admissions/pre-admission-register/pre-admission-register.component.ts:708:2:
[37m      708 │   [32mremovePhoto[37m() {
          ╵   [32m~~~~~~~~~~~[0m


[31mX [41;31m[[41;97mERROR[41;31m][0m [1mTS1005: ';' expected.[0m [1m[35m[plugin angular-compiler][0m

    src/app/modules/admissions/pre-admission-register/pre-admission-register.component.ts:708:16:
[37m      708 │   removePhoto() [32m{[37m
          ╵                 [32m^[0m


[31mX [41;31m[[41;97mERROR[41;31m][0m [1mTS2532: Object is possibly 'undefined'.[0m [1m[35m[plugin angular-compiler][0m

    src/app/modules/admissions/pre-admission-register/pre-admission-register.component.ts:709:8:
[37m      709 │     if ([32mthis[37m.photoPreview) URL.revokeObjectURL(this.photoPreview);
          ╵         [32m~~~~[0m


[31mX [41;31m[[41;97mERROR[41;31m][0m [1mTS2532: Object is possibly 'undefined'.[0m [1m[35m[plugin angular-compiler][0m

    src/app/modules/admissions/pre-admission-register/pre-admission-register.component.ts:709:47:
[37m      709 │     if (this.photoPreview) URL.revokeObjectURL([32mthis[37m.photoPreview);
          ╵                                                [32m~~~~[0m


[31mX [41;31m[[41;97mERROR[41;31m][0m [1mTS2532: Object is possibly 'undefined'.[0m [1m[35m[plugin angular-compiler][0m

    src/app/modules/admissions/pre-admission-register/pre-admission-register.component.ts:710:4:
[37m      710 │     [32mthis[37m.photoPreview = null;
          ╵     [32m~~~~[0m


[31mX [41;31m[[41;97mERROR[41;31m][0m [1mTS2532: Object is possibly 'undefined'.[0m [1m[35m[plugin angular-compiler][0m

    src/app/modules/admissions/pre-admission-register/pre-admission-register.component.ts:711:4:
[37m      711 │     [32mthis[37m.photoFile = null;
          ╵     [32m~~~~[0m


[31mX [41;31m[[41;97mERROR[41;31m][0m [1mTS2304: Cannot find name 'onSignatureSelect'.[0m [1m[35m[plugin angular-compiler][0m

    src/app/modules/admissions/pre-admission-register/pre-admission-register.component.ts:714:2:
[37m      714 │   [32monSignatureSelect[37m(event: Event) {
          ╵   [32m~~~~~~~~~~~~~~~~~[0m


[31mX [41;31m[[41;97mERROR[41;31m][0m [1mTS1005: ',' expected.[0m [1m[35m[plugin angular-compiler][0m

    src/app/modules/admissions/pre-admission-register/pre-admission-register.component.ts:714:25:
[37m      714 │   onSignatureSelect(event[32m:[37m Event) {
          ╵                          [32m^[0m


[31mX [41;31m[[41;97mERROR[41;31m][0m [1mTS1005: ';' expected.[0m [1m[35m[plugin angular-compiler][0m

    src/app/modules/admissions/pre-admission-register/pre-admission-register.component.ts:714:34:
[37m      714 │   onSignatureSelect(event: Event) [32m{[37m
          ╵                                   [32m^[0m


[31mX [41;31m[[41;97mERROR[41;31m][0m [1mTS18048: 'event' is possibly 'undefined'.[0m [1m[35m[plugin angular-compiler][0m

    src/app/modules/admissions/pre-admission-register/pre-admission-register.component.ts:715:18:
[37m      715 │     const file = ([32mevent[37m.target as HTMLInputElement).files?.[0];
          ╵                   [32m~~~~~[0m


[31mX [41;31m[[41;97mERROR[41;31m][0m [1mTS2532: Object is possibly 'undefined'.[0m [1m[35m[plugin angular-compiler][0m

    src/app/modules/admissions/pre-admission-register/pre-admission-register.component.ts:716:14:
[37m      716 │     if (file) [32mthis[37m.processSignature(file);
          ╵               [32m~~~~[0m


[31mX [41;31m[[41;97mERROR[41;31m][0m [1mTS2304: Cannot find name 'onSignatureDrop'.[0m [1m[35m[plugin angular-compiler][0m

    src/app/modules/admissions/pre-admission-register/pre-admission-register.component.ts:719:2:
[37m      719 │   [32monSignatureDrop[37m(event: DragEvent) {
          ╵   [32m~~~~~~~~~~~~~~~[0m


[31mX [41;31m[[41;97mERROR[41;31m][0m [1mTS1005: ',' expected.[0m [1m[35m[plugin angular-compiler][0m

    src/app/modules/admissions/pre-admission-register/pre-admission-register.component.ts:719:23:
[37m      719 │   onSignatureDrop(event[32m:[37m DragEvent) {
          ╵                        [32m^[0m


[31mX [41;31m[[41;97mERROR[41;31m][0m [1mTS1005: ';' expected.[0m [1m[35m[plugin angular-compiler][0m

    src/app/modules/admissions/pre-admission-register/pre-admission-register.component.ts:719:36:
[37m      719 │   onSignatureDrop(event: DragEvent) [32m{[37m
          ╵                                     [32m^[0m


[31mX [41;31m[[41;97mERROR[41;31m][0m [1mTS18048: 'event' is possibly 'undefined'.[0m [1m[35m[plugin angular-compiler][0m

    src/app/modules/admissions/pre-admission-register/pre-admission-register.component.ts:720:4:
[37m      720 │     [32mevent[37m.preventDefault();
          ╵     [32m~~~~~[0m


[31mX [41;31m[[41;97mERROR[41;31m][0m [1mTS18048: 'event' is possibly 'undefined'.[0m [1m[35m[plugin angular-compiler][0m

    src/app/modules/admissions/pre-admission-register/pre-admission-register.component.ts:721:17:
[37m      721 │     const file = [32mevent[37m.dataTransfer?.files?.[0];
          ╵                  [32m~~~~~[0m


[31mX [41;31m[[41;97mERROR[41;31m][0m [1mTS2339: Property 'dataTransfer' does not exist on type 'Event'.[0m [1m[35m[plugin angular-compiler][0m

    src/app/modules/admissions/pre-admission-register/pre-admission-register.component.ts:721:23:
[37m      721 │     const file = event.[32mdataTransfer[37m?.files?.[0];
          ╵                        [32m~~~~~~~~~~~~[0m


[31mX [41;31m[[41;97mERROR[41;31m][0m [1mTS2532: Object is possibly 'undefined'.[0m [1m[35m[plugin angular-compiler][0m

    src/app/modules/admissions/pre-admission-register/pre-admission-register.component.ts:722:14:
[37m      722 │     if (file) [32mthis[37m.processSignature(file);
          ╵               [32m~~~~[0m


[31mX [41;31m[[41;97mERROR[41;31m][0m [1mTS2304: Cannot find name 'processSignature'.[0m [1m[35m[plugin angular-compiler][0m

    src/app/modules/admissions/pre-admission-register/pre-admission-register.component.ts:725:2:
[37m      725 │   [32mprocessSignature[37m(file: File) {
          ╵   [32m~~~~~~~~~~~~~~~~[0m


[31mX [41;31m[[41;97mERROR[41;31m][0m [1mTS2304: Cannot find name 'file'.[0m [1m[35m[plugin angular-compiler][0m

    src/app/modules/admissions/pre-admission-register/pre-admission-register.component.ts:725:19:
[37m      725 │   processSignature([32mfile[37m: File) {
          ╵                    [32m~~~~[0m


[31mX [41;31m[[41;97mERROR[41;31m][0m [1mTS1005: ',' expected.[0m [1m[35m[plugin angular-compiler][0m

    src/app/modules/admissions/pre-admission-register/pre-admission-register.component.ts:725:23:
[37m      725 │   processSignature(file[32m:[37m File) {
          ╵                        [32m^[0m


[31mX [41;31m[[41;97mERROR[41;31m][0m [1mTS1005: ';' expected.[0m [1m[35m[plugin angular-compiler][0m

    src/app/modules/admissions/pre-admission-register/pre-admission-register.component.ts:725:31:
[37m      725 │   processSignature(file: File) [32m{[37m
          ╵                                [32m^[0m


[31mX [41;31m[[41;97mERROR[41;31m][0m [1mTS2304: Cannot find name 'file'.[0m [1m[35m[plugin angular-compiler][0m

    src/app/modules/admissions/pre-admission-register/pre-admission-register.component.ts:726:8:
[37m      726 │     if ([32mfile[37m.size > 1 * 1024 * 1024) {
          ╵         [32m~~~~[0m


[31mX [41;31m[[41;97mERROR[41;31m][0m [1mTS2532: Object is possibly 'undefined'.[0m [1m[35m[plugin angular-compiler][0m

    src/app/modules/admissions/pre-admission-register/pre-admission-register.component.ts:727:6:
[37m      727 │       [32mthis[37m.errorMessage = 'Signature must be less than 1MB';
          ╵       [32m~~~~[0m


[31mX [41;31m[[41;97mERROR[41;31m][0m [1mTS2304: Cannot find name 'file'.[0m [1m[35m[plugin angular-compiler][0m

    src/app/modules/admissions/pre-admission-register/pre-admission-register.component.ts:730:46:
[37m      730 │     if (!['image/jpeg', 'image/png'].includes([32mfile[37m.type)) {
          ╵                                               [32m~~~~[0m


[31mX [41;31m[[41;97mERROR[41;31m][0m [1mTS2532: Object is possibly 'undefined'.[0m [1m[35m[plugin angular-compiler][0m

    src/app/modules/admissions/pre-admission-register/pre-admission-register.component.ts:731:6:
[37m      731 │       [32mthis[37m.errorMessage = 'Only JPG and PNG files are allowed';
          ╵       [32m~~~~[0m


[31mX [41;31m[[41;97mERROR[41;31m][0m [1mTS2532: Object is possibly 'undefined'.[0m [1m[35m[plugin angular-compiler][0m

    src/app/modules/admissions/pre-admission-register/pre-admission-register.component.ts:734:4:
[37m      734 │     [32mthis[37m.signatureFile = file;
          ╵     [32m~~~~[0m


[31mX [41;31m[[41;97mERROR[41;31m][0m [1mTS2304: Cannot find name 'file'.[0m [1m[35m[plugin angular-compiler][0m

    src/app/modules/admissions/pre-admission-register/pre-admission-register.component.ts:734:25:
[37m      734 │     this.signatureFile = [32mfile[37m;
          ╵                          [32m~~~~[0m


[31mX [41;31m[[41;97mERROR[41;31m][0m [1mTS2532: Object is possibly 'undefined'.[0m [1m[35m[plugin angular-compiler][0m

    src/app/modules/admissions/pre-admission-register/pre-admission-register.component.ts:735:4:
[37m      735 │     [32mthis[37m.signaturePreview = URL.createObjectURL(file);
          ╵     [32m~~~~[0m


[31mX [41;31m[[41;97mERROR[41;31m][0m [1mTS2304: Cannot find name 'file'.[0m [1m[35m[plugin angular-compiler][0m

    src/app/modules/admissions/pre-admission-register/pre-admission-register.component.ts:735:48:
[37m      735 │     this.signaturePreview = URL.createObjectURL([32mfile[37m);
          ╵                                                 [32m~~~~[0m


[31mX [41;31m[[41;97mERROR[41;31m][0m [1mTS2304: Cannot find name 'removeSignature'.[0m [1m[35m[plugin angular-compiler][0m

    src/app/modules/admissions/pre-admission-register/pre-admission-register.component.ts:738:2:
[37m      738 │   [32mremoveSignature[37m() {
          ╵   [32m~~~~~~~~~~~~~~~[0m


[31mX [41;31m[[41;97mERROR[41;31m][0m [1mTS1005: ';' expected.[0m [1m[35m[plugin angular-compiler][0m

    src/app/modules/admissions/pre-admission-register/pre-admission-register.component.ts:738:20:
[37m      738 │   removeSignature() [32m{[37m
          ╵                     [32m^[0m


[31mX [41;31m[[41;97mERROR[41;31m][0m [1mTS2532: Object is possibly 'undefined'.[0m [1m[35m[plugin angular-compiler][0m

    src/app/modules/admissions/pre-admission-register/pre-admission-register.component.ts:739:8:
[37m      739 │     if ([32mthis[37m.signaturePreview) URL.revokeObjectURL(this.signature...
          ╵         [32m~~~~[0m


[31mX [41;31m[[41;97mERROR[41;31m][0m [1mTS2532: Object is possibly 'undefined'.[0m [1m[35m[plugin angular-compiler][0m

    src/app/modules/admissions/pre-admission-register/pre-admission-register.component.ts:739:51:
[37m      739 │ ...his.signaturePreview) URL.revokeObjectURL([32mthis[37m.signaturePreview);
          ╵                                              [32m~~~~[0m


[31mX [41;31m[[41;97mERROR[41;31m][0m [1mTS2532: Object is possibly 'undefined'.[0m [1m[35m[plugin angular-compiler][0m

    src/app/modules/admissions/pre-admission-register/pre-admission-register.component.ts:740:4:
[37m      740 │     [32mthis[37m.signaturePreview = null;
          ╵     [32m~~~~[0m


[31mX [41;31m[[41;97mERROR[41;31m][0m [1mTS2532: Object is possibly 'undefined'.[0m [1m[35m[plugin angular-compiler][0m

    src/app/modules/admissions/pre-admission-register/pre-admission-register.component.ts:741:4:
[37m      741 │     [32mthis[37m.signatureFile = null;
          ╵     [32m~~~~[0m


[31mX [41;31m[[41;97mERROR[41;31m][0m [1mTS2304: Cannot find name 'togglePassword'.[0m [1m[35m[plugin angular-compiler][0m

    src/app/modules/admissions/pre-admission-register/pre-admission-register.component.ts:744:2:
[37m      744 │   [32mtogglePassword[37m() {
          ╵   [32m~~~~~~~~~~~~~~[0m


[31mX [41;31m[[41;97mERROR[41;31m][0m [1mTS1005: ';' expected.[0m [1m[35m[plugin angular-compiler][0m

    src/app/modules/admissions/pre-admission-register/pre-admission-register.component.ts:744:19:
[37m      744 │   togglePassword() [32m{[37m
          ╵                    [32m^[0m


[31mX [41;31m[[41;97mERROR[41;31m][0m [1mTS2532: Object is possibly 'undefined'.[0m [1m[35m[plugin angular-compiler][0m

    src/app/modules/admissions/pre-admission-register/pre-admission-register.component.ts:745:4:
[37m      745 │     [32mthis[37m.showPassword = !this.showPassword;
          ╵     [32m~~~~[0m


[31mX [41;31m[[41;97mERROR[41;31m][0m [1mTS2532: Object is possibly 'undefined'.[0m [1m[35m[plugin angular-compiler][0m

    src/app/modules/admissions/pre-admission-register/pre-admission-register.component.ts:745:25:
[37m      745 │     this.showPassword = ![32mthis[37m.showPassword;
          ╵                          [32m~~~~[0m


[31mX [41;31m[[41;97mERROR[41;31m][0m [1mTS2304: Cannot find name 'copyToClipboard'.[0m [1m[35m[plugin angular-compiler][0m

    src/app/modules/admissions/pre-admission-register/pre-admission-register.component.ts:748:2:
[37m      748 │   [32mcopyToClipboard[37m(text: string) {
          ╵   [32m~~~~~~~~~~~~~~~[0m


[31mX [41;31m[[41;97mERROR[41;31m][0m [1mTS2304: Cannot find name 'text'.[0m [1m[35m[plugin angular-compiler][0m

    src/app/modules/admissions/pre-admission-register/pre-admission-register.component.ts:748:18:
[37m      748 │   copyToClipboard([32mtext[37m: string) {
          ╵                   [32m~~~~[0m


[31mX [41;31m[[41;97mERROR[41;31m][0m [1mTS1005: ',' expected.[0m [1m[35m[plugin angular-compiler][0m

    src/app/modules/admissions/pre-admission-register/pre-admission-register.component.ts:748:22:
[37m      748 │   copyToClipboard(text[32m:[37m string) {
          ╵                       [32m^[0m


[31mX [41;31m[[41;97mERROR[41;31m][0m [1mTS2693: 'string' only refers to a type, but is being used as a value here.[0m [1m[35m[plugin angular-compiler][0m

    src/app/modules/admissions/pre-admission-register/pre-admission-register.component.ts:748:24:
[37m      748 │   copyToClipboard(text: [32mstring[37m) {
          ╵                         [32m~~~~~~[0m


[31mX [41;31m[[41;97mERROR[41;31m][0m [1mTS1005: ';' expected.[0m [1m[35m[plugin angular-compiler][0m

    src/app/modules/admissions/pre-admission-register/pre-admission-register.component.ts:748:32:
[37m      748 │   copyToClipboard(text: string) [32m{[37m
          ╵                                 [32m^[0m


[31mX [41;31m[[41;97mERROR[41;31m][0m [1mTS2304: Cannot find name 'text'.[0m [1m[35m[plugin angular-compiler][0m

    src/app/modules/admissions/pre-admission-register/pre-admission-register.component.ts:749:34:
[37m      749 │     navigator.clipboard.writeText([32mtext[37m).then(() => {
          ╵                                   [32m~~~~[0m


[31mX [41;31m[[41;97mERROR[41;31m][0m [1mTS2532: Object is possibly 'undefined'.[0m [1m[35m[plugin angular-compiler][0m

    src/app/modules/admissions/pre-admission-register/pre-admission-register.component.ts:750:6:
[37m      750 │       [32mthis[37m.toastService.success('Copied to clipboard!');
          ╵       [32m~~~~[0m


[31mX [41;31m[[41;97mERROR[41;31m][0m [1mTS2304: Cannot find name 'downloadRegistrationPdf'.[0m [1m[35m[plugin angular-compiler][0m

    src/app/modules/admissions/pre-admission-register/pre-admission-register.component.ts:754:2:
[37m      754 │   [32mdownloadRegistrationPdf[37m() {
          ╵   [32m~~~~~~~~~~~~~~~~~~~~~~~[0m


[31mX [41;31m[[41;97mERROR[41;31m][0m [1mTS1005: ';' expected.[0m [1m[35m[plugin angular-compiler][0m

    src/app/modules/admissions/pre-admission-register/pre-admission-register.component.ts:754:28:
[37m      754 │   downloadRegistrationPdf() [32m{[37m
          ╵                             [32m^[0m


[31mX [41;31m[[41;97mERROR[41;31m][0m [1mTS2532: Object is possibly 'undefined'.[0m [1m[35m[plugin angular-compiler][0m

    src/app/modules/admissions/pre-admission-register/pre-admission-register.component.ts:755:9:
[37m      755 │     if (![32mthis[37m.registrationResult?.registrationNumber) return;
          ╵          [32m~~~~[0m


[31mX [41;31m[[41;97mERROR[41;31m][0m [1mTS2532: Object is possibly 'undefined'.[0m [1m[35m[plugin angular-compiler][0m

    src/app/modules/admissions/pre-admission-register/pre-admission-register.component.ts:756:4:
[37m      756 │     [32mthis[37m.downloadingPdf = true;
          ╵     [32m~~~~[0m


[31mX [41;31m[[41;97mERROR[41;31m][0m [1mTS2532: Object is possibly 'undefined'.[0m [1m[35m[plugin angular-compiler][0m

    src/app/modules/admissions/pre-admission-register/pre-admission-register.component.ts:757:4:
[37m      757 │     [32mthis[37m.service.getRegistrationPdf(this.registrationResult.regis...
          ╵     [32m~~~~[0m


[31mX [41;31m[[41;97mERROR[41;31m][0m [1mTS2532: Object is possibly 'undefined'.[0m [1m[35m[plugin angular-compiler][0m

    src/app/modules/admissions/pre-admission-register/pre-admission-register.component.ts:757:36:
[37m      757 │ ...s.service.getRegistrationPdf([32mthis[37m.registrationResult.registrat...
          ╵                                 [32m~~~~[0m


[31mX [41;31m[[41;97mERROR[41;31m][0m [1mTS7006: Parameter 'blob' implicitly has an 'any' type.[0m [1m[35m[plugin angular-compiler][0m

    src/app/modules/admissions/pre-admission-register/pre-admission-register.component.ts:758:13:
[37m      758 │       next: ([32mblob[37m) => {
          ╵              [32m~~~~[0m


[31mX [41;31m[[41;97mERROR[41;31m][0m [1mTS2532: Object is possibly 'undefined'.[0m [1m[35m[plugin angular-compiler][0m

    src/app/modules/admissions/pre-admission-register/pre-admission-register.component.ts:759:8:
[37m      759 │         [32mthis[37m.downloadingPdf = false;
          ╵         [32m~~~~[0m


[31mX [41;31m[[41;97mERROR[41;31m][0m [1mTS2532: Object is possibly 'undefined'.[0m [1m[35m[plugin angular-compiler][0m

    src/app/modules/admissions/pre-admission-register/pre-admission-register.component.ts:763:37:
[37m      763 │ ...a.download = `registration-${[32mthis[37m.registrationResult.registrat...
          ╵                                 [32m~~~~[0m


[31mX [41;31m[[41;97mERROR[41;31m][0m [1mTS2532: Object is possibly 'undefined'.[0m [1m[35m[plugin angular-compiler][0m

    src/app/modules/admissions/pre-admission-register/pre-admission-register.component.ts:768:8:
[37m      768 │         [32mthis[37m.downloadingPdf = false;
          ╵         [32m~~~~[0m


[31mX [41;31m[[41;97mERROR[41;31m][0m [1mTS2532: Object is possibly 'undefined'.[0m [1m[35m[plugin angular-compiler][0m

    src/app/modules/admissions/pre-admission-register/pre-admission-register.component.ts:769:8:
[37m      769 │         [32mthis[37m.errorMessage = 'Failed to generate PDF. Please try a...
          ╵         [32m~~~~[0m


[31mX [41;31m[[41;97mERROR[41;31m][0m [1mTS1128: Declaration or statement expected.[0m [1m[35m[plugin angular-compiler][0m

    src/app/modules/admissions/pre-admission-register/pre-admission-register.component.ts:773:0:
[37m      773 │ [32m}[37m
          ╵ [32m^[0m


[31mX [41;31m[[41;97mERROR[41;31m][0m [1mExpected identifier but found ","[0m

    src/app/modules/admissions/pre-admission-register/pre-admission-register.component.ts:865:11:
[37m      865 │     append([32m,[37m parts, [], ) { }
          ╵            [32m^[0m

[39m[22m
[33m>[39m Changes detected. Rebuilding...
[32m√[39m Changes detected. Rebuilding...
Application bundle generation failed. [4.416 seconds] - 2026-08-17T06:47:46.470Z

[1m[31m[31mX [41;31m[[41;97mERROR[41;31m][0m [1mTS1128: Declaration or statement expected.[0m [1m[35m[plugin angular-compiler][0m

    src/app/modules/admissions/pre-admission-register/pre-admission-register.component.ts:558:2:
[37m      558 │   [32mprivate[37m parseError(err: any): string {
          ╵   [32m~~~~~~~[0m

[39m[22m
[33m>[39m Changes detected. Rebuilding...
[32m√[39m Changes detected. Rebuilding...
[1mInitial chunk files[22m[2m | [22m[1mNames[22m                            [2m | [22m [1mRaw size[22m
[32mstyles.css[39m         [2m | [22m[2mstyles[22m                           [2m | [22m[36m383.78 kB[39m[2m | [22m
[32mmain.js[39m            [2m | [22m[2mmain[22m                             [2m | [22m[36m113.67 kB[39m[2m | [22m
[32mscripts.js[39m         [2m | [22m[2mscripts[22m                          [2m | [22m[36m107.73 kB[39m[2m | [22m
[32mchunk-AEQA3PA2.js[39m  [2m | [22m[2m-[22m                                [2m | [22m  [36m5.67 kB[39m[2m | [22m
[32mchunk-FWCVD5GE.js[39m  [2m | [22m[2m-[22m                                [2m | [22m  [36m4.02 kB[39m[2m | [22m
[32mchunk-YRQ44UL6.js[39m  [2m | [22m[2m-[22m                                [2m | [22m  [36m2.32 kB[39m[2m | [22m
[32mchunk-UYKXC6FV.js[39m  [2m | [22m[2m-[22m                                [2m | [22m  [36m1.90 kB[39m[2m | [22m
[32mchunk-653SOEEV.js[39m  [2m | [22m[2m-[22m                                [2m | [22m  [36m1.51 kB[39m[2m | [22m
[32mchunk-B4F2FIQP.js[39m  [2m | [22m[2m-[22m                                [2m | [22m[36m187 bytes[39m[2m | [22m
[32mpolyfills.js[39m       [2m | [22m[2mpolyfills[22m                        [2m | [22m [36m95 bytes[39m[2m | [22m

[1m [22m                  [2m | [22m[1mInitial total[22m                    [2m | [22m[1m620.88 kB[22m

[1mLazy chunk files[22m   [2m | [22m[1mNames[22m                            [2m | [22m [1mRaw size[22m
[32mchunk-HYHIVNGM.js[39m  [2m | [22m[2mlanding-component[22m                [2m | [22m[36m107.16 kB[39m[2m | [22m
[32mchunk-HYERN4YX.js[39m  [2m | [22m[2mpre-admission-register-component[22m [2m | [22m[36m105.75 kB[39m[2m | [22m
[32mchunk-66MRB4ML.js[39m  [2m | [22m[2madmin-management-component[22m       [2m | [22m[36m104.44 kB[39m[2m | [22m
[32mchunk-TTGA7GYG.js[39m  [2m | [22m[2mapplicant-dashboard-component[22m    [2m | [22m [36m97.46 kB[39m[2m | [22m
[32mchunk-X7FVLCFK.js[39m  [2m | [22m[2mstudent-dashboard-component[22m      [2m | [22m [36m88.33 kB[39m[2m | [22m
[32mchunk-CO66GMBR.js[39m  [2m | [22m[2mdashboard-component[22m              [2m | [22m [36m81.80 kB[39m[2m | [22m
[32mchunk-T6YU7VO2.js[39m  [2m | [22m[2mseat-allocations-component[22m       [2m | [22m [36m74.88 kB[39m[2m | [22m
[32mchunk-HWTCJE25.js[39m  [2m | [22m[2msettings-component[22m               [2m | [22m [36m73.32 kB[39m[2m | [22m
[32mchunk-Y4FCHEMU.js[39m  [2m | [22m[2mclass-routine-component[22m          [2m | [22m [36m71.81 kB[39m[2m | [22m
[32mchunk-64O5E6HP.js[39m  [2m | [22m[2madmission-confirmations-component[22m[2m | [22m [36m65.04 kB[39m[2m | [22m
[32mchunk-HNZ23T4M.js[39m  [2m | [22m[2menrollment-component[22m             [2m | [22m [36m63.15 kB[39m[2m | [22m
[32mchunk-P7DXQF5L.js[39m  [2m | [22m[2mcalendar-event-component[22m         [2m | [22m [36m60.21 kB[39m[2m | [22m
[32mchunk-ASYGZVCT.js[39m  [2m | [22m[2mtests-component[22m                  [2m | [22m [36m59.16 kB[39m[2m | [22m
[32mchunk-YSSHDMKV.js[39m  [2m | [22m[2maccount-lock-rules-component[22m     [2m | [22m [36m56.50 kB[39m[2m | [22m
[32mchunk-M3EWXY7A.js[39m  [2m | [22m[2mclassroom-component[22m              [2m | [22m [36m55.48 kB[39m[2m | [22m
[2m...and 216 more lazy chunks files. Use "--verbose" to show all the files.[22m

Application bundle generation complete. [2.656 seconds] - 2026-08-17T06:48:35.016Z

Page reload sent to client(s).
[33m>[39m Changes detected. Rebuilding...
[32m√[39m Changes detected. Rebuilding...
[1mInitial chunk files[22m[2m | [22m[1mNames[22m[2m | [22m [1mRaw size[22m
[32mmain.js[39m            [2m | [22m[2mmain[22m [2m | [22m[36m114.21 kB[39m[2m | [22m

Application bundle generation complete. [13.568 seconds] - 2026-08-17T08:00:29.513Z

Page reload sent to client(s).
[33m>[39m Changes detected. Rebuilding...
[32m√[39m Changes detected. Rebuilding...
[1mInitial chunk files[22m[2m | [22m[1mNames[22m             [2m | [22m [1mRaw size[22m
[32mmain.js[39m            [2m | [22m[2mmain[22m              [2m | [22m[36m114.21 kB[39m[2m | [22m

[1mLazy chunk files[22m   [2m | [22m[1mNames[22m             [2m | [22m [1mRaw size[22m
[32mchunk-5FSXQK7Q.js[39m  [2m | [22m[2minvoices-component[22m[2m | [22m [36m47.03 kB[39m[2m | [22m

Application bundle generation complete. [2.466 seconds] - 2026-08-17T09:17:24.585Z

Page reload sent to client(s).
[33m>[39m Changes detected. Rebuilding...
[32m√[39m Changes detected. Rebuilding...
[1mInitial chunk files[22m[2m | [22m[1mNames[22m             [2m | [22m [1mRaw size[22m
[32mmain.js[39m            [2m | [22m[2mmain[22m              [2m | [22m[36m114.21 kB[39m[2m | [22m

[1mLazy chunk files[22m   [2m | [22m[1mNames[22m             [2m | [22m [1mRaw size[22m
[32mchunk-ODAAKS6I.js[39m  [2m | [22m[2mpayments-component[22m[2m | [22m [36m31.73 kB[39m[2m | [22m

Application bundle generation complete. [2.559 seconds] - 2026-08-17T09:17:35.636Z

Page reload sent to client(s).
[33m>[39m Changes detected. Rebuilding...
[32m√[39m Changes detected. Rebuilding...
[1mInitial chunk files[22m[2m | [22m[1mNames[22m                           [2m | [22m [1mRaw size[22m
[32mmain.js[39m            [2m | [22m[2mmain[22m                            [2m | [22m[36m114.21 kB[39m[2m | [22m

[1mLazy chunk files[22m   [2m | [22m[1mNames[22m                           [2m | [22m [1mRaw size[22m
[32mchunk-5TUGNT4G.js[39m  [2m | [22m[2mpre-admission-register-component[22m[2m | [22m[36m105.75 kB[39m[2m | [22m
[32mchunk-ER4SGVFK.js[39m  [2m | [22m[2mapplicant-dashboard-component[22m   [2m | [22m [36m97.46 kB[39m[2m | [22m
[32mchunk-43D65KJ5.js[39m  [2m | [22m[2mtest-results-component[22m          [2m | [22m [36m54.33 kB[39m[2m | [22m
[32mchunk-SATWAVZQ.js[39m  [2m | [22m[2mregistration-success-component[22m  [2m | [22m [36m45.50 kB[39m[2m | [22m
[32mchunk-CFDLOB5T.js[39m  [2m | [22m[2mmerit-processing-component[22m      [2m | [22m [36m30.09 kB[39m[2m | [22m
[32mchunk-NRVPZHED.js[39m  [2m | [22m[2mpre-admissions-component[22m        [2m | [22m [36m28.73 kB[39m[2m | [22m
[32mchunk-RXNR4JMN.js[39m  [2m | [22m[2mpre-admission-status-component[22m  [2m | [22m [36m18.26 kB[39m[2m | [22m
[32mchunk-5SNHS7WR.js[39m  [2m | [22m[2m-[22m                               [2m | [22m  [36m3.56 kB[39m[2m | [22m

Application bundle generation complete. [2.215 seconds] - 2026-08-17T09:17:46.986Z

Page reload sent to client(s).
[33m>[39m Changes detected. Rebuilding...
[32m√[39m Changes detected. Rebuilding...
Application bundle generation failed. [1.558 seconds] - 2026-08-17T09:18:09.505Z

[1m[31m[31mX [41;31m[[41;97mERROR[41;31m][0m [1mNG8002: Can't bind to 'customActions' since it isn't a known property of 'app-data-table'.
1. If 'app-data-table' is an Angular component and it has 'customActions' input, then verify that it is included in the '@Component.imports' of this component.
2. If 'app-data-table' is a Web Component then add 'CUSTOM_ELEMENTS_SCHEMA' to the '@Component.schemas' of this component to suppress this message.
3. To allow any property add 'NO_ERRORS_SCHEMA' to the '@Component.schemas' of this component.[0m [1m[35m[plugin angular-compiler][0m

    src/app/modules/finance/invoices/invoices.component.ts:40:6:
[37m      40 │       [32m[customActions]="customActions"[37m
         ╵       [32m~~~~~~~~~~~~~~~~~~~~~~~~~~~~~~~[0m


[31mX [41;31m[[41;97mERROR[41;31m][0m [1mTS2339: Property 'customActions' does not exist on type 'InvoicesComponent'.[0m [1m[35m[plugin angular-compiler][0m

    src/app/modules/finance/invoices/invoices.component.ts:40:23:
[37m      40 │       [customActions]="[32mcustomActions[37m"
         ╵                        [32m~~~~~~~~~~~~~[0m

[39m[22m
[33m>[39m Changes detected. Rebuilding...
[32m√[39m Changes detected. Rebuilding...
Application bundle generation failed. [1.374 seconds] - 2026-08-17T09:18:17.956Z

[1m[31m[31mX [41;31m[[41;97mERROR[41;31m][0m [1mNG8002: Can't bind to 'customActions' since it isn't a known property of 'app-data-table'.
1. If 'app-data-table' is an Angular component and it has 'customActions' input, then verify that it is included in the '@Component.imports' of this component.
2. If 'app-data-table' is a Web Component then add 'CUSTOM_ELEMENTS_SCHEMA' to the '@Component.schemas' of this component to suppress this message.
3. To allow any property add 'NO_ERRORS_SCHEMA' to the '@Component.schemas' of this component.[0m [1m[35m[plugin angular-compiler][0m

    src/app/modules/finance/invoices/invoices.component.ts:40:6:
[37m      40 │       [32m[customActions]="customActions"[37m
         ╵       [32m~~~~~~~~~~~~~~~~~~~~~~~~~~~~~~~[0m

[39m[22m
[33m>[39m Changes detected. Rebuilding...
[32m√[39m Changes detected. Rebuilding...
Application bundle generation failed. [1.377 seconds] - 2026-08-17T09:18:34.384Z

[1m[31m[31mX [41;31m[[41;97mERROR[41;31m][0m [1mNG8002: Can't bind to 'customActions' since it isn't a known property of 'app-data-table'.
1. If 'app-data-table' is an Angular component and it has 'customActions' input, then verify that it is included in the '@Component.imports' of this component.
2. If 'app-data-table' is a Web Component then add 'CUSTOM_ELEMENTS_SCHEMA' to the '@Component.schemas' of this component to suppress this message.
3. To allow any property add 'NO_ERRORS_SCHEMA' to the '@Component.schemas' of this component.[0m [1m[35m[plugin angular-compiler][0m

    src/app/modules/finance/invoices/invoices.component.ts:40:6:
[37m      40 │       [32m[customActions]="customActions"[37m
         ╵       [32m~~~~~~~~~~~~~~~~~~~~~~~~~~~~~~~[0m


[31mX [41;31m[[41;97mERROR[41;31m][0m [1mNG8002: Can't bind to 'customActions' since it isn't a known property of 'app-data-table'.
1. If 'app-data-table' is an Angular component and it has 'customActions' input, then verify that it is included in the '@Component.imports' of this component.
2. If 'app-data-table' is a Web Component then add 'CUSTOM_ELEMENTS_SCHEMA' to the '@Component.schemas' of this component to suppress this message.
3. To allow any property add 'NO_ERRORS_SCHEMA' to the '@Component.schemas' of this component.[0m [1m[35m[plugin angular-compiler][0m

    src/app/modules/finance/payments/payments.component.ts:75:6:
[37m      75 │       [32m[customActions]="customActions"[37m
         ╵       [32m~~~~~~~~~~~~~~~~~~~~~~~~~~~~~~~[0m


[31mX [41;31m[[41;97mERROR[41;31m][0m [1mTS2339: Property 'customActions' does not exist on type 'PaymentsComponent'.[0m [1m[35m[plugin angular-compiler][0m

    src/app/modules/finance/payments/payments.component.ts:75:23:
[37m      75 │       [customActions]="[32mcustomActions[37m"
         ╵                        [32m~~~~~~~~~~~~~[0m

[39m[22m
[33m>[39m Changes detected. Rebuilding...
[32m√[39m Changes detected. Rebuilding...
Application bundle generation failed. [2.951 seconds] - 2026-08-17T09:18:44.416Z

[1m[31m[31mX [41;31m[[41;97mERROR[41;31m][0m [1mNG8002: Can't bind to 'customActions' since it isn't a known property of 'app-data-table'.
1. If 'app-data-table' is an Angular component and it has 'customActions' input, then verify that it is included in the '@Component.imports' of this component.
2. If 'app-data-table' is a Web Component then add 'CUSTOM_ELEMENTS_SCHEMA' to the '@Component.schemas' of this component to suppress this message.
3. To allow any property add 'NO_ERRORS_SCHEMA' to the '@Component.schemas' of this component.[0m [1m[35m[plugin angular-compiler][0m

    src/app/modules/finance/invoices/invoices.component.ts:40:6:
[37m      40 │       [32m[customActions]="customActions"[37m
         ╵       [32m~~~~~~~~~~~~~~~~~~~~~~~~~~~~~~~[0m


[31mX [41;31m[[41;97mERROR[41;31m][0m [1mNG8002: Can't bind to 'customActions' since it isn't a known property of 'app-data-table'.
1. If 'app-data-table' is an Angular component and it has 'customActions' input, then verify that it is included in the '@Component.imports' of this component.
2. If 'app-data-table' is a Web Component then add 'CUSTOM_ELEMENTS_SCHEMA' to the '@Component.schemas' of this component to suppress this message.
3. To allow any property add 'NO_ERRORS_SCHEMA' to the '@Component.schemas' of this component.[0m [1m[35m[plugin angular-compiler][0m

    src/app/modules/finance/payments/payments.component.ts:75:6:
[37m      75 │       [32m[customActions]="customActions"[37m
         ╵       [32m~~~~~~~~~~~~~~~~~~~~~~~~~~~~~~~[0m

[39m[22m
[33m>[39m Changes detected. Rebuilding...
[32m√[39m Changes detected. Rebuilding...
Application bundle generation failed. [1.298 seconds] - 2026-08-17T09:19:00.861Z

[1m[31m[31mX [41;31m[[41;97mERROR[41;31m][0m [1mTS2339: Property 'downloadReceipt' does not exist on type 'PaymentCallbackComponent'.[0m [1m[35m[plugin angular-compiler][0m

    src/app/modules/admissions/payment-callback/payment-callback.component.ts:48:55:
[37m      48 │ ...      <button class="btn btn-primary" (click)="[32mdownloadReceipt[37m()">
         ╵                                                   [32m~~~~~~~~~~~~~~~[0m


[31mX [41;31m[[41;97mERROR[41;31m][0m [1mNG8002: Can't bind to 'customActions' since it isn't a known property of 'app-data-table'.
1. If 'app-data-table' is an Angular component and it has 'customActions' input, then verify that it is included in the '@Component.imports' of this component.
2. If 'app-data-table' is a Web Component then add 'CUSTOM_ELEMENTS_SCHEMA' to the '@Component.schemas' of this component to suppress this message.
3. To allow any property add 'NO_ERRORS_SCHEMA' to the '@Component.schemas' of this component.[0m [1m[35m[plugin angular-compiler][0m

    src/app/modules/finance/invoices/invoices.component.ts:40:6:
[37m      40 │       [32m[customActions]="customActions"[37m
         ╵       [32m~~~~~~~~~~~~~~~~~~~~~~~~~~~~~~~[0m


[31mX [41;31m[[41;97mERROR[41;31m][0m [1mNG8002: Can't bind to 'customActions' since it isn't a known property of 'app-data-table'.
1. If 'app-data-table' is an Angular component and it has 'customActions' input, then verify that it is included in the '@Component.imports' of this component.
2. If 'app-data-table' is a Web Component then add 'CUSTOM_ELEMENTS_SCHEMA' to the '@Component.schemas' of this component to suppress this message.
3. To allow any property add 'NO_ERRORS_SCHEMA' to the '@Component.schemas' of this component.[0m [1m[35m[plugin angular-compiler][0m

    src/app/modules/finance/payments/payments.component.ts:75:6:
[37m      75 │       [32m[customActions]="customActions"[37m
         ╵       [32m~~~~~~~~~~~~~~~~~~~~~~~~~~~~~~~[0m

[39m[22m
[33m>[39m Changes detected. Rebuilding...
[32m√[39m Changes detected. Rebuilding...
Application bundle generation failed. [1.356 seconds] - 2026-08-17T09:19:16.168Z

[1m[31m[31mX [41;31m[[41;97mERROR[41;31m][0m [1mNG8002: Can't bind to 'customActions' since it isn't a known property of 'app-data-table'.
1. If 'app-data-table' is an Angular component and it has 'customActions' input, then verify that it is included in the '@Component.imports' of this component.
2. If 'app-data-table' is a Web Component then add 'CUSTOM_ELEMENTS_SCHEMA' to the '@Component.schemas' of this component to suppress this message.
3. To allow any property add 'NO_ERRORS_SCHEMA' to the '@Component.schemas' of this component.[0m [1m[35m[plugin angular-compiler][0m

    src/app/modules/finance/invoices/invoices.component.ts:40:6:
[37m      40 │       [32m[customActions]="customActions"[37m
         ╵       [32m~~~~~~~~~~~~~~~~~~~~~~~~~~~~~~~[0m


[31mX [41;31m[[41;97mERROR[41;31m][0m [1mNG8002: Can't bind to 'customActions' since it isn't a known property of 'app-data-table'.
1. If 'app-data-table' is an Angular component and it has 'customActions' input, then verify that it is included in the '@Component.imports' of this component.
2. If 'app-data-table' is a Web Component then add 'CUSTOM_ELEMENTS_SCHEMA' to the '@Component.schemas' of this component to suppress this message.
3. To allow any property add 'NO_ERRORS_SCHEMA' to the '@Component.schemas' of this component.[0m [1m[35m[plugin angular-compiler][0m

    src/app/modules/finance/payments/payments.component.ts:75:6:
[37m      75 │       [32m[customActions]="customActions"[37m
         ╵       [32m~~~~~~~~~~~~~~~~~~~~~~~~~~~~~~~[0m

[39m[22m
[33m>[39m Changes detected. Rebuilding...
[32m√[39m Changes detected. Rebuilding...
Application bundle generation failed. [1.419 seconds] - 2026-08-17T09:19:32.048Z

[1m[31m[31mX [41;31m[[41;97mERROR[41;31m][0m [1mTS2339: Property 'downloadPaymentInvoice' does not exist on type 'ApplicantPaymentComponent'.[0m [1m[35m[plugin angular-compiler][0m

    src/app/modules/admissions/applicant-payment/applicant-payment.component.ts:107:55:
[37m      107 │ ...utton class="btn btn-primary" (click)="[32mdownloadPaymentInvoice[37m()">
          ╵                                           [32m~~~~~~~~~~~~~~~~~~~~~~[0m


[31mX [41;31m[[41;97mERROR[41;31m][0m [1mNG8002: Can't bind to 'customActions' since it isn't a known property of 'app-data-table'.
1. If 'app-data-table' is an Angular component and it has 'customActions' input, then verify that it is included in the '@Component.imports' of this component.
2. If 'app-data-table' is a Web Component then add 'CUSTOM_ELEMENTS_SCHEMA' to the '@Component.schemas' of this component to suppress this message.
3. To allow any property add 'NO_ERRORS_SCHEMA' to the '@Component.schemas' of this component.[0m [1m[35m[plugin angular-compiler][0m

    src/app/modules/finance/invoices/invoices.component.ts:40:6:
[37m      40 │       [32m[customActions]="customActions"[37m
         ╵       [32m~~~~~~~~~~~~~~~~~~~~~~~~~~~~~~~[0m


[31mX [41;31m[[41;97mERROR[41;31m][0m [1mNG8002: Can't bind to 'customActions' since it isn't a known property of 'app-data-table'.
1. If 'app-data-table' is an Angular component and it has 'customActions' input, then verify that it is included in the '@Component.imports' of this component.
2. If 'app-data-table' is a Web Component then add 'CUSTOM_ELEMENTS_SCHEMA' to the '@Component.schemas' of this component to suppress this message.
3. To allow any property add 'NO_ERRORS_SCHEMA' to the '@Component.schemas' of this component.[0m [1m[35m[plugin angular-compiler][0m

    src/app/modules/finance/payments/payments.component.ts:75:6:
[37m      75 │       [32m[customActions]="customActions"[37m
         ╵       [32m~~~~~~~~~~~~~~~~~~~~~~~~~~~~~~~[0m

[39m[22m
[33m>[39m Changes detected. Rebuilding...
[32m√[39m Changes detected. Rebuilding...
Application bundle generation failed. [2.352 seconds] - 2026-08-17T09:19:42.290Z

[1m[31m[31mX [41;31m[[41;97mERROR[41;31m][0m [1mNG8002: Can't bind to 'customActions' since it isn't a known property of 'app-data-table'.
1. If 'app-data-table' is an Angular component and it has 'customActions' input, then verify that it is included in the '@Component.imports' of this component.
2. If 'app-data-table' is a Web Component then add 'CUSTOM_ELEMENTS_SCHEMA' to the '@Component.schemas' of this component to suppress this message.
3. To allow any property add 'NO_ERRORS_SCHEMA' to the '@Component.schemas' of this component.[0m [1m[35m[plugin angular-compiler][0m

    src/app/modules/finance/invoices/invoices.component.ts:40:6:
[37m      40 │       [32m[customActions]="customActions"[37m
         ╵       [32m~~~~~~~~~~~~~~~~~~~~~~~~~~~~~~~[0m


[31mX [41;31m[[41;97mERROR[41;31m][0m [1mNG8002: Can't bind to 'customActions' since it isn't a known property of 'app-data-table'.
1. If 'app-data-table' is an Angular component and it has 'customActions' input, then verify that it is included in the '@Component.imports' of this component.
2. If 'app-data-table' is a Web Component then add 'CUSTOM_ELEMENTS_SCHEMA' to the '@Component.schemas' of this component to suppress this message.
3. To allow any property add 'NO_ERRORS_SCHEMA' to the '@Component.schemas' of this component.[0m [1m[35m[plugin angular-compiler][0m

    src/app/modules/finance/payments/payments.component.ts:75:6:
[37m      75 │       [32m[customActions]="customActions"[37m
         ╵       [32m~~~~~~~~~~~~~~~~~~~~~~~~~~~~~~~[0m

[39m[22m
[33m>[39m Changes detected. Rebuilding...
[32m√[39m Changes detected. Rebuilding...
Application bundle generation failed. [4.929 seconds] - 2026-08-17T09:21:01.368Z

[1m[31m[31mX [41;31m[[41;97mERROR[41;31m][0m [1mNG8002: Can't bind to 'customActions' since it isn't a known property of 'app-data-table'.
1. If 'app-data-table' is an Angular component and it has 'customActions' input, then verify that it is included in the '@Component.imports' of this component.
2. If 'app-data-table' is a Web Component then add 'CUSTOM_ELEMENTS_SCHEMA' to the '@Component.schemas' of this component to suppress this message.
3. To allow any property add 'NO_ERRORS_SCHEMA' to the '@Component.schemas' of this component.[0m [1m[35m[plugin angular-compiler][0m

    src/app/modules/finance/invoices/invoices.component.ts:40:6:
[37m      40 │       [32m[customActions]="customActions"[37m
         ╵       [32m~~~~~~~~~~~~~~~~~~~~~~~~~~~~~~~[0m


[31mX [41;31m[[41;97mERROR[41;31m][0m [1mNG8002: Can't bind to 'customActions' since it isn't a known property of 'app-data-table'.
1. If 'app-data-table' is an Angular component and it has 'customActions' input, then verify that it is included in the '@Component.imports' of this component.
2. If 'app-data-table' is a Web Component then add 'CUSTOM_ELEMENTS_SCHEMA' to the '@Component.schemas' of this component to suppress this message.
3. To allow any property add 'NO_ERRORS_SCHEMA' to the '@Component.schemas' of this component.[0m [1m[35m[plugin angular-compiler][0m

    src/app/modules/finance/payments/payments.component.ts:75:6:
[37m      75 │       [32m[customActions]="customActions"[37m
         ╵       [32m~~~~~~~~~~~~~~~~~~~~~~~~~~~~~~~[0m


[31mX [41;31m[[41;97mERROR[41;31m][0m [1mTS2339: Property 'params' does not exist on type 'DataTableComponent'.[0m [1m[35m[plugin angular-compiler][0m

    src/app/shared/data-table/data-table.component.ts:69:41:
[37m      69 │                     @if (col.sortable && [32mparams[37m.sortBy === col.key) {
         ╵                                          [32m~~~~~~[0m


[31mX [41;31m[[41;97mERROR[41;31m][0m [1mTS2339: Property 'params' does not exist on type 'DataTableComponent'.[0m [1m[35m[plugin angular-compiler][0m

    src/app/shared/data-table/data-table.component.ts:70:49:
[37m      70 │ ...  <span class="sort-icon">{{ [32mparams[37m.sortDir === 'asc' ? 'Γû�...
         ╵                                 [32m~~~~~~[0m


[31mX [41;31m[[41;97mERROR[41;31m][0m [1mTS2339: Property 'params' does not exist on type 'DataTableComponent'.[0m [1m[35m[plugin angular-compiler][0m

    src/app/shared/data-table/data-table.component.ts:143:31:
[37m      143 │               <select [value]="[32mparams[37m.size" (change)="onSizeChang...
          ╵                                [32m~~~~~~[0m


[31mX [41;31m[[41;97mERROR[41;31m][0m [1mTS2339: Property 'params' does not exist on type 'DataTableComponent'.[0m [1m[35m[plugin angular-compiler][0m

    src/app/shared/data-table/data-table.component.ts:332:13:
[37m      332 │     if (this.[32mparams[37m.sortBy === column) {
          ╵              [32m~~~~~~[0m


[31mX [41;31m[[41;97mERROR[41;31m][0m [1mTS2339: Property 'params' does not exist on type 'DataTableComponent'.[0m [1m[35m[plugin angular-compiler][0m

    src/app/shared/data-table/data-table.component.ts:333:11:
[37m      333 │       this.[32mparams[37m.sortDir = this.params.sortDir === 'asc' ? 'desc...
          ╵            [32m~~~~~~[0m


[31mX [41;31m[[41;97mERROR[41;31m][0m [1mTS2339: Property 'params' does not exist on type 'DataTableComponent'.[0m [1m[35m[plugin angular-compiler][0m

    src/app/shared/data-table/data-table.component.ts:333:33:
[37m      333 │ ... this.params.sortDir = this.[32mparams[37m.sortDir === 'asc' ? 'desc' ...
          ╵                                [32m~~~~~~[0m


[31mX [41;31m[[41;97mERROR[41;31m][0m [1mTS2339: Property 'params' does not exist on type 'DataTableComponent'.[0m [1m[35m[plugin angular-compiler][0m

    src/app/shared/data-table/data-table.component.ts:335:11:
[37m      335 │       this.[32mparams[37m.sortBy = column;
          ╵            [32m~~~~~~[0m


[31mX [41;31m[[41;97mERROR[41;31m][0m [1mTS2339: Property 'params' does not exist on type 'DataTableComponent'.[0m [1m[35m[plugin angular-compiler][0m

    src/app/shared/data-table/data-table.component.ts:336:11:
[37m      336 │       this.[32mparams[37m.sortDir = 'asc';
          ╵            [32m~~~~~~[0m


[31mX [41;31m[[41;97mERROR[41;31m][0m [1mTS2339: Property 'params' does not exist on type 'DataTableComponent'.[0m [1m[35m[plugin angular-compiler][0m

    src/app/shared/data-table/data-table.component.ts:338:35:
[37m      338 │     this.pageChange.emit({ ...this.[32mparams[37m });
          ╵                                    [32m~~~~~~[0m


[31mX [41;31m[[41;97mERROR[41;31m][0m [1mTS2339: Property 'params' does not exist on type 'DataTableComponent'.[0m [1m[35m[plugin angular-compiler][0m

    src/app/shared/data-table/data-table.component.ts:342:35:
[37m      342 │     this.pageChange.emit({ ...this.[32mparams[37m, page });
          ╵                                    [32m~~~~~~[0m


[31mX [41;31m[[41;97mERROR[41;31m][0m [1mTS2339: Property 'params' does not exist on type 'DataTableComponent'.[0m [1m[35m[plugin angular-compiler][0m

    src/app/shared/data-table/data-table.component.ts:347:35:
[37m      347 │     this.pageChange.emit({ ...this.[32mparams[37m, size, page: 0 });
          ╵                                    [32m~~~~~~[0m

[39m[22m
[33m>[39m Changes detected. Rebuilding...
[32m√[39m Changes detected. Rebuilding...
Application bundle generation failed. [4.055 seconds] - 2026-08-17T09:21:08.909Z

[1m[31m[31mX [41;31m[[41;97mERROR[41;31m][0m [1mNG8002: Can't bind to 'customActions' since it isn't a known property of 'app-data-table'.
1. If 'app-data-table' is an Angular component and it has 'customActions' input, then verify that it is included in the '@Component.imports' of this component.
2. If 'app-data-table' is a Web Component then add 'CUSTOM_ELEMENTS_SCHEMA' to the '@Component.schemas' of this component to suppress this message.
3. To allow any property add 'NO_ERRORS_SCHEMA' to the '@Component.schemas' of this component.[0m [1m[35m[plugin angular-compiler][0m

    src/app/modules/finance/invoices/invoices.component.ts:40:6:
[37m      40 │       [32m[customActions]="customActions"[37m
         ╵       [32m~~~~~~~~~~~~~~~~~~~~~~~~~~~~~~~[0m


[31mX [41;31m[[41;97mERROR[41;31m][0m [1mNG8002: Can't bind to 'customActions' since it isn't a known property of 'app-data-table'.
1. If 'app-data-table' is an Angular component and it has 'customActions' input, then verify that it is included in the '@Component.imports' of this component.
2. If 'app-data-table' is a Web Component then add 'CUSTOM_ELEMENTS_SCHEMA' to the '@Component.schemas' of this component to suppress this message.
3. To allow any property add 'NO_ERRORS_SCHEMA' to the '@Component.schemas' of this component.[0m [1m[35m[plugin angular-compiler][0m

    src/app/modules/finance/payments/payments.component.ts:75:6:
[37m      75 │       [32m[customActions]="customActions"[37m
         ╵       [32m~~~~~~~~~~~~~~~~~~~~~~~~~~~~~~~[0m

[39m[22m
[33m>[39m Changes detected. Rebuilding...
[32m√[39m Changes detected. Rebuilding...
Application bundle generation failed. [1.390 seconds] - 2026-08-17T09:30:14.758Z

[1m[31m[31mX [41;31m[[41;97mERROR[41;31m][0m [1mNG8002: Can't bind to 'customActions' since it isn't a known property of 'app-data-table'.
1. If 'app-data-table' is an Angular component and it has 'customActions' input, then verify that it is included in the '@Component.imports' of this component.
2. If 'app-data-table' is a Web Component then add 'CUSTOM_ELEMENTS_SCHEMA' to the '@Component.schemas' of this component to suppress this message.
3. To allow any property add 'NO_ERRORS_SCHEMA' to the '@Component.schemas' of this component.[0m [1m[35m[plugin angular-compiler][0m

    src/app/modules/finance/invoices/invoices.component.ts:40:6:
[37m      40 │       [32m[customActions]="customActions"[37m
         ╵       [32m~~~~~~~~~~~~~~~~~~~~~~~~~~~~~~~[0m


[31mX [41;31m[[41;97mERROR[41;31m][0m [1mNG8002: Can't bind to 'customActions' since it isn't a known property of 'app-data-table'.
1. If 'app-data-table' is an Angular component and it has 'customActions' input, then verify that it is included in the '@Component.imports' of this component.
2. If 'app-data-table' is a Web Component then add 'CUSTOM_ELEMENTS_SCHEMA' to the '@Component.schemas' of this component to suppress this message.
3. To allow any property add 'NO_ERRORS_SCHEMA' to the '@Component.schemas' of this component.[0m [1m[35m[plugin angular-compiler][0m

    src/app/modules/finance/payments/payments.component.ts:75:6:
[37m      75 │       [32m[customActions]="customActions"[37m
         ╵       [32m~~~~~~~~~~~~~~~~~~~~~~~~~~~~~~~[0m

[39m[22m
[33m>[39m Changes detected. Rebuilding...
[32m√[39m Changes detected. Rebuilding...
Application bundle generation failed. [1.708 seconds] - 2026-08-17T09:30:29.792Z

[1m[31m[31mX [41;31m[[41;97mERROR[41;31m][0m [1mTS2339: Property 'download' does not exist on type 'ExamResultsComponent'.[0m [1m[35m[plugin angular-compiler][0m

    src/app/modules/examination/results/results.component.ts:102:68:
[37m      102 │ ...n-sm btn-outline" (click)="[32mdownload[37m(s.studentDbId, s.currentSe...
          ╵                               [32m~~~~~~~~[0m


[31mX [41;31m[[41;97mERROR[41;31m][0m [1mTS2339: Property 'download' does not exist on type 'ExamResultsComponent'.[0m [1m[35m[plugin angular-compiler][0m

    src/app/modules/examination/results/results.component.ts:130:62:
[37m      130 │ ...n-sm btn-outline" (click)="[32mdownload[37m(detailStudentId, detailSem...
          ╵                               [32m~~~~~~~~[0m


[31mX [41;31m[[41;97mERROR[41;31m][0m [1mNG8002: Can't bind to 'customActions' since it isn't a known property of 'app-data-table'.
1. If 'app-data-table' is an Angular component and it has 'customActions' input, then verify that it is included in the '@Component.imports' of this component.
2. If 'app-data-table' is a Web Component then add 'CUSTOM_ELEMENTS_SCHEMA' to the '@Component.schemas' of this component to suppress this message.
3. To allow any property add 'NO_ERRORS_SCHEMA' to the '@Component.schemas' of this component.[0m [1m[35m[plugin angular-compiler][0m

    src/app/modules/finance/invoices/invoices.component.ts:40:6:
[37m      40 │       [32m[customActions]="customActions"[37m
         ╵       [32m~~~~~~~~~~~~~~~~~~~~~~~~~~~~~~~[0m


[31mX [41;31m[[41;97mERROR[41;31m][0m [1mNG8002: Can't bind to 'customActions' since it isn't a known property of 'app-data-table'.
1. If 'app-data-table' is an Angular component and it has 'customActions' input, then verify that it is included in the '@Component.imports' of this component.
2. If 'app-data-table' is a Web Component then add 'CUSTOM_ELEMENTS_SCHEMA' to the '@Component.schemas' of this component to suppress this message.
3. To allow any property add 'NO_ERRORS_SCHEMA' to the '@Component.schemas' of this component.[0m [1m[35m[plugin angular-compiler][0m

    src/app/modules/finance/payments/payments.component.ts:75:6:
[37m      75 │       [32m[customActions]="customActions"[37m
         ╵       [32m~~~~~~~~~~~~~~~~~~~~~~~~~~~~~~~[0m

[39m[22m
[33m>[39m Changes detected. Rebuilding...
[32m√[39m Changes detected. Rebuilding...
Application bundle generation failed. [1.332 seconds] - 2026-08-17T09:30:39.238Z

[1m[31m[31mX [41;31m[[41;97mERROR[41;31m][0m [1mTS2339: Property 'download' does not exist on type 'ExamResultsComponent'.[0m [1m[35m[plugin angular-compiler][0m

    src/app/modules/examination/results/results.component.ts:102:68:
[37m      102 │ ...n-sm btn-outline" (click)="[32mdownload[37m(s.studentDbId, s.currentSe...
          ╵                               [32m~~~~~~~~[0m


[31mX [41;31m[[41;97mERROR[41;31m][0m [1mTS2339: Property 'download' does not exist on type 'ExamResultsComponent'.[0m [1m[35m[plugin angular-compiler][0m

    src/app/modules/examination/results/results.component.ts:130:62:
[37m      130 │ ...n-sm btn-outline" (click)="[32mdownload[37m(detailStudentId, detailSem...
          ╵                               [32m~~~~~~~~[0m


[31mX [41;31m[[41;97mERROR[41;31m][0m [1mNG8002: Can't bind to 'customActions' since it isn't a known property of 'app-data-table'.
1. If 'app-data-table' is an Angular component and it has 'customActions' input, then verify that it is included in the '@Component.imports' of this component.
2. If 'app-data-table' is a Web Component then add 'CUSTOM_ELEMENTS_SCHEMA' to the '@Component.schemas' of this component to suppress this message.
3. To allow any property add 'NO_ERRORS_SCHEMA' to the '@Component.schemas' of this component.[0m [1m[35m[plugin angular-compiler][0m

    src/app/modules/finance/invoices/invoices.component.ts:40:6:
[37m      40 │       [32m[customActions]="customActions"[37m
         ╵       [32m~~~~~~~~~~~~~~~~~~~~~~~~~~~~~~~[0m


[31mX [41;31m[[41;97mERROR[41;31m][0m [1mNG8002: Can't bind to 'customActions' since it isn't a known property of 'app-data-table'.
1. If 'app-data-table' is an Angular component and it has 'customActions' input, then verify that it is included in the '@Component.imports' of this component.
2. If 'app-data-table' is a Web Component then add 'CUSTOM_ELEMENTS_SCHEMA' to the '@Component.schemas' of this component to suppress this message.
3. To allow any property add 'NO_ERRORS_SCHEMA' to the '@Component.schemas' of this component.[0m [1m[35m[plugin angular-compiler][0m

    src/app/modules/finance/payments/payments.component.ts:75:6:
[37m      75 │       [32m[customActions]="customActions"[37m
         ╵       [32m~~~~~~~~~~~~~~~~~~~~~~~~~~~~~~~[0m

[39m[22m
[33m>[39m Changes detected. Rebuilding...
[32m√[39m Changes detected. Rebuilding...
Application bundle generation failed. [1.144 seconds] - 2026-08-17T09:30:47.024Z

[1m[31m[31mX [41;31m[[41;97mERROR[41;31m][0m [1mNG8002: Can't bind to 'customActions' since it isn't a known property of 'app-data-table'.
1. If 'app-data-table' is an Angular component and it has 'customActions' input, then verify that it is included in the '@Component.imports' of this component.
2. If 'app-data-table' is a Web Component then add 'CUSTOM_ELEMENTS_SCHEMA' to the '@Component.schemas' of this component to suppress this message.
3. To allow any property add 'NO_ERRORS_SCHEMA' to the '@Component.schemas' of this component.[0m [1m[35m[plugin angular-compiler][0m

    src/app/modules/finance/invoices/invoices.component.ts:40:6:
[37m      40 │       [32m[customActions]="customActions"[37m
         ╵       [32m~~~~~~~~~~~~~~~~~~~~~~~~~~~~~~~[0m


[31mX [41;31m[[41;97mERROR[41;31m][0m [1mNG8002: Can't bind to 'customActions' since it isn't a known property of 'app-data-table'.
1. If 'app-data-table' is an Angular component and it has 'customActions' input, then verify that it is included in the '@Component.imports' of this component.
2. If 'app-data-table' is a Web Component then add 'CUSTOM_ELEMENTS_SCHEMA' to the '@Component.schemas' of this component to suppress this message.
3. To allow any property add 'NO_ERRORS_SCHEMA' to the '@Component.schemas' of this component.[0m [1m[35m[plugin angular-compiler][0m

    src/app/modules/finance/payments/payments.component.ts:75:6:
[37m      75 │       [32m[customActions]="customActions"[37m
         ╵       [32m~~~~~~~~~~~~~~~~~~~~~~~~~~~~~~~[0m

[39m[22m
[33m>[39m Changes detected. Rebuilding...
[32m√[39m Changes detected. Rebuilding...
Application bundle generation failed. [1.394 seconds] - 2026-08-17T09:31:20.760Z

[1m[31m[31mX [41;31m[[41;97mERROR[41;31m][0m [1mNG8002: Can't bind to 'customActions' since it isn't a known property of 'app-data-table'.
1. If 'app-data-table' is an Angular component and it has 'customActions' input, then verify that it is included in the '@Component.imports' of this component.
2. If 'app-data-table' is a Web Component then add 'CUSTOM_ELEMENTS_SCHEMA' to the '@Component.schemas' of this component to suppress this message.
3. To allow any property add 'NO_ERRORS_SCHEMA' to the '@Component.schemas' of this component.[0m [1m[35m[plugin angular-compiler][0m

    src/app/modules/finance/invoices/invoices.component.ts:40:6:
[37m      40 │       [32m[customActions]="customActions"[37m
         ╵       [32m~~~~~~~~~~~~~~~~~~~~~~~~~~~~~~~[0m


[31mX [41;31m[[41;97mERROR[41;31m][0m [1mNG8002: Can't bind to 'customActions' since it isn't a known property of 'app-data-table'.
1. If 'app-data-table' is an Angular component and it has 'customActions' input, then verify that it is included in the '@Component.imports' of this component.
2. If 'app-data-table' is a Web Component then add 'CUSTOM_ELEMENTS_SCHEMA' to the '@Component.schemas' of this component to suppress this message.
3. To allow any property add 'NO_ERRORS_SCHEMA' to the '@Component.schemas' of this component.[0m [1m[35m[plugin angular-compiler][0m

    src/app/modules/finance/payments/payments.component.ts:75:6:
[37m      75 │       [32m[customActions]="customActions"[37m
         ╵       [32m~~~~~~~~~~~~~~~~~~~~~~~~~~~~~~~[0m


[31mX [41;31m[[41;97mERROR[41;31m][0m [1mTS2551: Property 'downloadResultSheet' does not exist on type 'StudentDashboardComponent'. Did you mean 'loadResultSheet'?[0m [1m[35m[plugin angular-compiler][0m

    src/app/modules/student/student-dashboard/student-dashboard.component.ts:219:66:
[37m      219 │ ...btn-primary" (click)="[32mdownloadResultSheet[37m()" style="display: i...
          ╵                          [32m~~~~~~~~~~~~~~~~~~~[0m

[39m[22m
[33m>[39m Changes detected. Rebuilding...
[32m√[39m Changes detected. Rebuilding...
Application bundle generation failed. [3.070 seconds] - 2026-08-17T09:31:30.106Z

[1m[31m[31mX [41;31m[[41;97mERROR[41;31m][0m [1mNG8002: Can't bind to 'customActions' since it isn't a known property of 'app-data-table'.
1. If 'app-data-table' is an Angular component and it has 'customActions' input, then verify that it is included in the '@Component.imports' of this component.
2. If 'app-data-table' is a Web Component then add 'CUSTOM_ELEMENTS_SCHEMA' to the '@Component.schemas' of this component to suppress this message.
3. To allow any property add 'NO_ERRORS_SCHEMA' to the '@Component.schemas' of this component.[0m [1m[35m[plugin angular-compiler][0m

    src/app/modules/finance/invoices/invoices.component.ts:40:6:
[37m      40 │       [32m[customActions]="customActions"[37m
         ╵       [32m~~~~~~~~~~~~~~~~~~~~~~~~~~~~~~~[0m


[31mX [41;31m[[41;97mERROR[41;31m][0m [1mNG8002: Can't bind to 'customActions' since it isn't a known property of 'app-data-table'.
1. If 'app-data-table' is an Angular component and it has 'customActions' input, then verify that it is included in the '@Component.imports' of this component.
2. If 'app-data-table' is a Web Component then add 'CUSTOM_ELEMENTS_SCHEMA' to the '@Component.schemas' of this component to suppress this message.
3. To allow any property add 'NO_ERRORS_SCHEMA' to the '@Component.schemas' of this component.[0m [1m[35m[plugin angular-compiler][0m

    src/app/modules/finance/payments/payments.component.ts:75:6:
[37m      75 │       [32m[customActions]="customActions"[37m
         ╵       [32m~~~~~~~~~~~~~~~~~~~~~~~~~~~~~~~[0m

[39m[22m
[33m>[39m Changes detected. Rebuilding...
[32m√[39m Changes detected. Rebuilding...
Application bundle generation failed. [2.102 seconds] - 2026-08-17T10:42:17.689Z

[1m[31m[31mX [41;31m[[41;97mERROR[41;31m][0m [1mNG8002: Can't bind to 'customActions' since it isn't a known property of 'app-data-table'.
1. If 'app-data-table' is an Angular component and it has 'customActions' input, then verify that it is included in the '@Component.imports' of this component.
2. If 'app-data-table' is a Web Component then add 'CUSTOM_ELEMENTS_SCHEMA' to the '@Component.schemas' of this component to suppress this message.
3. To allow any property add 'NO_ERRORS_SCHEMA' to the '@Component.schemas' of this component.[0m [1m[35m[plugin angular-compiler][0m

    src/app/modules/finance/invoices/invoices.component.ts:40:6:
[37m      40 │       [32m[customActions]="customActions"[37m
         ╵       [32m~~~~~~~~~~~~~~~~~~~~~~~~~~~~~~~[0m


[31mX [41;31m[[41;97mERROR[41;31m][0m [1mNG8002: Can't bind to 'customActions' since it isn't a known property of 'app-data-table'.
1. If 'app-data-table' is an Angular component and it has 'customActions' input, then verify that it is included in the '@Component.imports' of this component.
2. If 'app-data-table' is a Web Component then add 'CUSTOM_ELEMENTS_SCHEMA' to the '@Component.schemas' of this component to suppress this message.
3. To allow any property add 'NO_ERRORS_SCHEMA' to the '@Component.schemas' of this component.[0m [1m[35m[plugin angular-compiler][0m

    src/app/modules/finance/payments/payments.component.ts:75:6:
[37m      75 │       [32m[customActions]="customActions"[37m
         ╵       [32m~~~~~~~~~~~~~~~~~~~~~~~~~~~~~~~[0m

[39m[22m
[33m>[39m Changes detected. Rebuilding...
[32m√[39m Changes detected. Rebuilding...
Application bundle generation failed. [3.521 seconds] - 2026-08-17T10:42:29.268Z

[1m[31m[31mX [41;31m[[41;97mERROR[41;31m][0m [1mNG8002: Can't bind to 'customActions' since it isn't a known property of 'app-data-table'.
1. If 'app-data-table' is an Angular component and it has 'customActions' input, then verify that it is included in the '@Component.imports' of this component.
2. If 'app-data-table' is a Web Component then add 'CUSTOM_ELEMENTS_SCHEMA' to the '@Component.schemas' of this component to suppress this message.
3. To allow any property add 'NO_ERRORS_SCHEMA' to the '@Component.schemas' of this component.[0m [1m[35m[plugin angular-compiler][0m

    src/app/modules/finance/invoices/invoices.component.ts:40:6:
[37m      40 │       [32m[customActions]="customActions"[37m
         ╵       [32m~~~~~~~~~~~~~~~~~~~~~~~~~~~~~~~[0m


[31mX [41;31m[[41;97mERROR[41;31m][0m [1mNG8002: Can't bind to 'customActions' since it isn't a known property of 'app-data-table'.
1. If 'app-data-table' is an Angular component and it has 'customActions' input, then verify that it is included in the '@Component.imports' of this component.
2. If 'app-data-table' is a Web Component then add 'CUSTOM_ELEMENTS_SCHEMA' to the '@Component.schemas' of this component to suppress this message.
3. To allow any property add 'NO_ERRORS_SCHEMA' to the '@Component.schemas' of this component.[0m [1m[35m[plugin angular-compiler][0m

    src/app/modules/finance/payments/payments.component.ts:75:6:
[37m      75 │       [32m[customActions]="customActions"[37m
         ╵       [32m~~~~~~~~~~~~~~~~~~~~~~~~~~~~~~~[0m

[39m[22m
[33m>[39m Changes detected. Rebuilding...
[32m√[39m Changes detected. Rebuilding...
Application bundle generation failed. [3.167 seconds] - 2026-08-17T10:43:27.436Z

[1m[31m[31mX [41;31m[[41;97mERROR[41;31m][0m [1mTS2339: Property 'listName' does not exist on type 'AdmissionMeritList'.[0m [1m[35m[plugin angular-compiler][0m

    src/app/modules/admissions/public-results/public-results.component.ts:87:46:
[37m      87 │ ...4 class="list-name">{{ list.[32mlistName[37m || 'Admission Merit List' ...
         ╵                                [32m~~~~~~~~[0m


[31mX [41;31m[[41;97mERROR[41;31m][0m [1mTS2551: Property 'publishDate' does not exist on type 'AdmissionMeritList'. Did you mean 'publishedAt'?[0m [1m[35m[plugin angular-compiler][0m

    src/app/modules/admissions/public-results/public-results.component.ts:93:60:
[37m      93 │ ...d:</span> <strong>{{ list.[32mpublishDate[37m ? (list.publishDate | dat...
         ╵                              [32m~~~~~~~~~~~[0m


[31mX [41;31m[[41;97mERROR[41;31m][0m [1mTS2551: Property 'publishDate' does not exist on type 'AdmissionMeritList'. Did you mean 'publishedAt'?[0m [1m[35m[plugin angular-compiler][0m

    src/app/modules/admissions/public-results/public-results.component.ts:93:80:
[37m      93 │ ... list.publishDate ? (list.[32mpublishDate[37m | date:'mediumDate') : 'O...
         ╵                              [32m~~~~~~~~~~~[0m


[31mX [41;31m[[41;97mERROR[41;31m][0m [1mTS2339: Property 'listName' does not exist on type 'AdmissionMeritList'.[0m [1m[35m[plugin angular-compiler][0m

    src/app/modules/admissions/public-results/public-results.component.ts:112:36:
[37m      112 │ ...         <h2>{{ selectedList.[32mlistName[37m }} — Public Standing</h2>
          ╵                                 [32m~~~~~~~~[0m


[31mX [41;31m[[41;97mERROR[41;31m][0m [1mTS2339: Property 'meritPosition' does not exist on type 'AdmissionMeritListEntry'.[0m [1m[35m[plugin angular-compiler][0m

    src/app/modules/admissions/public-results/public-results.component.ts:147:77:
[37m      147 │ ...class.top-three]="(entry.[32mmeritPosition[37m || entry.rank || $index...
          ╵                             [32m~~~~~~~~~~~~~[0m


[31mX [41;31m[[41;97mERROR[41;31m][0m [1mTS2339: Property 'meritPosition' does not exist on type 'AdmissionMeritListEntry'.[0m [1m[35m[plugin angular-compiler][0m

    src/app/modules/admissions/public-results/public-results.component.ts:148:38:
[37m      148 │ ...               #{{ entry.[32mmeritPosition[37m || entry.rank || ($inde...
          ╵                             [32m~~~~~~~~~~~~~[0m


[31mX [41;31m[[41;97mERROR[41;31m][0m [1mTS2339: Property 'meritScore' does not exist on type 'AdmissionMeritListEntry'.[0m [1m[35m[plugin angular-compiler][0m

    src/app/modules/admissions/public-results/public-results.component.ts:158:60:
[37m      158 │ ...ass="score-text">{{ entry.[32mmeritScore[37m || entry.testScore || ent...
          ╵                              [32m~~~~~~~~~~[0m


[31mX [41;31m[[41;97mERROR[41;31m][0m [1mTS2339: Property 'testScore' does not exist on type 'AdmissionMeritListEntry'.[0m [1m[35m[plugin angular-compiler][0m

    src/app/modules/admissions/public-results/public-results.component.ts:158:80:
[37m      158 │ ... entry.meritScore || entry.[32mtestScore[37m || entry.totalScore || 'N...
          ╵                               [32m~~~~~~~~~[0m


[31mX [41;31m[[41;97mERROR[41;31m][0m [1mTS2339: Property 'totalScore' does not exist on type 'AdmissionMeritListEntry'.[0m [1m[35m[plugin angular-compiler][0m

    src/app/modules/admissions/public-results/public-results.component.ts:158:99:
[37m      158 │ ...itScore || entry.testScore || entry.[32mtotalScore[37m || 'N/A' }}</span>
          ╵                                        [32m~~~~~~~~~~[0m


[31mX [41;31m[[41;97mERROR[41;31m][0m [1mTS2339: Property 'data' does not exist on type 'PagedResponse<AdmissionMeritList>'.[0m [1m[35m[plugin angular-compiler][0m

    src/app/modules/admissions/public-results/public-results.component.ts:798:24:
[37m      798 │         const all = res.[32mdata[37m?.content || res.content || [];
          ╵                         [32m~~~~[0m


[31mX [41;31m[[41;97mERROR[41;31m][0m [1mTS2339: Property 'data' does not exist on type 'PagedResponse<AdmissionMeritListEntry>'.[0m [1m[35m[plugin angular-compiler][0m

    src/app/modules/admissions/public-results/public-results.component.ts:829:27:
[37m      829 │         this.entries = res.[32mdata[37m?.content || res.content || [];
          ╵                            [32m~~~~[0m


[31mX [41;31m[[41;97mERROR[41;31m][0m [1mTS2339: Property 'data' does not exist on type 'PagedResponse<AdmissionMeritListEntry>'.[0m [1m[35m[plugin angular-compiler][0m

    src/app/modules/admissions/public-results/public-results.component.ts:830:30:
[37m      830 │         this.totalPages = res.[32mdata[37m?.totalPages || res.totalPages ...
          ╵                               [32m~~~~[0m


[31mX [41;31m[[41;97mERROR[41;31m][0m [1mTS2339: Property 'data' does not exist on type 'PagedResponse<AdmissionMeritListEntry>'.[0m [1m[35m[plugin angular-compiler][0m

    src/app/modules/admissions/public-results/public-results.component.ts:831:32:
[37m      831 │         this.totalEntries = res.[32mdata[37m?.totalElements || res.totalE...
          ╵                                 [32m~~~~[0m


[31mX [41;31m[[41;97mERROR[41;31m][0m [1mNG8002: Can't bind to 'customActions' since it isn't a known property of 'app-data-table'.
1. If 'app-data-table' is an Angular component and it has 'customActions' input, then verify that it is included in the '@Component.imports' of this component.
2. If 'app-data-table' is a Web Component then add 'CUSTOM_ELEMENTS_SCHEMA' to the '@Component.schemas' of this component to suppress this message.
3. To allow any property add 'NO_ERRORS_SCHEMA' to the '@Component.schemas' of this component.[0m [1m[35m[plugin angular-compiler][0m

    src/app/modules/finance/invoices/invoices.component.ts:40:6:
[37m      40 │       [32m[customActions]="customActions"[37m
         ╵       [32m~~~~~~~~~~~~~~~~~~~~~~~~~~~~~~~[0m


[31mX [41;31m[[41;97mERROR[41;31m][0m [1mNG8002: Can't bind to 'customActions' since it isn't a known property of 'app-data-table'.
1. If 'app-data-table' is an Angular component and it has 'customActions' input, then verify that it is included in the '@Component.imports' of this component.
2. If 'app-data-table' is a Web Component then add 'CUSTOM_ELEMENTS_SCHEMA' to the '@Component.schemas' of this component to suppress this message.
3. To allow any property add 'NO_ERRORS_SCHEMA' to the '@Component.schemas' of this component.[0m [1m[35m[plugin angular-compiler][0m

    src/app/modules/finance/payments/payments.component.ts:75:6:
[37m      75 │       [32m[customActions]="customActions"[37m
         ╵       [32m~~~~~~~~~~~~~~~~~~~~~~~~~~~~~~~[0m

[39m[22m
[33m>[39m Changes detected. Rebuilding...
[32m√[39m Changes detected. Rebuilding...
Application bundle generation failed. [2.269 seconds] - 2026-08-17T10:44:00.176Z

[1m[31m[31mX [41;31m[[41;97mERROR[41;31m][0m [1mTS2339: Property 'listName' does not exist on type 'AdmissionMeritList'.[0m [1m[35m[plugin angular-compiler][0m

    src/app/modules/admissions/public-results/public-results.component.ts:87:46:
[37m      87 │ ...4 class="list-name">{{ list.[32mlistName[37m || 'Admission Merit List' ...
         ╵                                [32m~~~~~~~~[0m


[31mX [41;31m[[41;97mERROR[41;31m][0m [1mTS2551: Property 'publishDate' does not exist on type 'AdmissionMeritList'. Did you mean 'publishedAt'?[0m [1m[35m[plugin angular-compiler][0m

    src/app/modules/admissions/public-results/public-results.component.ts:93:60:
[37m      93 │ ...d:</span> <strong>{{ list.[32mpublishDate[37m ? (list.publishDate | dat...
         ╵                              [32m~~~~~~~~~~~[0m


[31mX [41;31m[[41;97mERROR[41;31m][0m [1mTS2551: Property 'publishDate' does not exist on type 'AdmissionMeritList'. Did you mean 'publishedAt'?[0m [1m[35m[plugin angular-compiler][0m

    src/app/modules/admissions/public-results/public-results.component.ts:93:80:
[37m      93 │ ... list.publishDate ? (list.[32mpublishDate[37m | date:'mediumDate') : 'O...
         ╵                              [32m~~~~~~~~~~~[0m


[31mX [41;31m[[41;97mERROR[41;31m][0m [1mTS2339: Property 'listName' does not exist on type 'AdmissionMeritList'.[0m [1m[35m[plugin angular-compiler][0m

    src/app/modules/admissions/public-results/public-results.component.ts:112:36:
[37m      112 │ ...         <h2>{{ selectedList.[32mlistName[37m }} — Public Standing</h2>
          ╵                                 [32m~~~~~~~~[0m


[31mX [41;31m[[41;97mERROR[41;31m][0m [1mTS2339: Property 'meritPosition' does not exist on type 'AdmissionMeritListEntry'.[0m [1m[35m[plugin angular-compiler][0m

    src/app/modules/admissions/public-results/public-results.component.ts:147:77:
[37m      147 │ ...class.top-three]="(entry.[32mmeritPosition[37m || entry.rank || $index...
          ╵                             [32m~~~~~~~~~~~~~[0m


[31mX [41;31m[[41;97mERROR[41;31m][0m [1mTS2339: Property 'meritPosition' does not exist on type 'AdmissionMeritListEntry'.[0m [1m[35m[plugin angular-compiler][0m

    src/app/modules/admissions/public-results/public-results.component.ts:148:38:
[37m      148 │ ...               #{{ entry.[32mmeritPosition[37m || entry.rank || ($inde...
          ╵                             [32m~~~~~~~~~~~~~[0m


[31mX [41;31m[[41;97mERROR[41;31m][0m [1mTS2339: Property 'meritScore' does not exist on type 'AdmissionMeritListEntry'.[0m [1m[35m[plugin angular-compiler][0m

    src/app/modules/admissions/public-results/public-results.component.ts:158:60:
[37m      158 │ ...ass="score-text">{{ entry.[32mmeritScore[37m || entry.testScore || ent...
          ╵                              [32m~~~~~~~~~~[0m


[31mX [41;31m[[41;97mERROR[41;31m][0m [1mTS2339: Property 'testScore' does not exist on type 'AdmissionMeritListEntry'.[0m [1m[35m[plugin angular-compiler][0m

    src/app/modules/admissions/public-results/public-results.component.ts:158:80:
[37m      158 │ ... entry.meritScore || entry.[32mtestScore[37m || entry.totalScore || 'N...
          ╵                               [32m~~~~~~~~~[0m


[31mX [41;31m[[41;97mERROR[41;31m][0m [1mTS2339: Property 'totalScore' does not exist on type 'AdmissionMeritListEntry'.[0m [1m[35m[plugin angular-compiler][0m

    src/app/modules/admissions/public-results/public-results.component.ts:158:99:
[37m      158 │ ...itScore || entry.testScore || entry.[32mtotalScore[37m || 'N/A' }}</span>
          ╵                                        [32m~~~~~~~~~~[0m


[31mX [41;31m[[41;97mERROR[41;31m][0m [1mTS2339: Property 'data' does not exist on type 'PagedResponse<AdmissionMeritList>'.[0m [1m[35m[plugin angular-compiler][0m

    src/app/modules/admissions/public-results/public-results.component.ts:798:24:
[37m      798 │         const all = res.[32mdata[37m?.content || res.content || [];
          ╵                         [32m~~~~[0m


[31mX [41;31m[[41;97mERROR[41;31m][0m [1mTS2339: Property 'data' does not exist on type 'PagedResponse<AdmissionMeritListEntry>'.[0m [1m[35m[plugin angular-compiler][0m

    src/app/modules/admissions/public-results/public-results.component.ts:829:27:
[37m      829 │         this.entries = res.[32mdata[37m?.content || res.content || [];
          ╵                            [32m~~~~[0m


[31mX [41;31m[[41;97mERROR[41;31m][0m [1mTS2339: Property 'data' does not exist on type 'PagedResponse<AdmissionMeritListEntry>'.[0m [1m[35m[plugin angular-compiler][0m

    src/app/modules/admissions/public-results/public-results.component.ts:830:30:
[37m      830 │         this.totalPages = res.[32mdata[37m?.totalPages || res.totalPages ...
          ╵                               [32m~~~~[0m


[31mX [41;31m[[41;97mERROR[41;31m][0m [1mTS2339: Property 'data' does not exist on type 'PagedResponse<AdmissionMeritListEntry>'.[0m [1m[35m[plugin angular-compiler][0m

    src/app/modules/admissions/public-results/public-results.component.ts:831:32:
[37m      831 │         this.totalEntries = res.[32mdata[37m?.totalElements || res.totalE...
          ╵                                 [32m~~~~[0m

[39m[22m
[33m>[39m Changes detected. Rebuilding...
[32m√[39m Changes detected. Rebuilding...
Application bundle generation failed. [1.436 seconds] - 2026-08-17T10:45:24.751Z

[1m[31m[31mX [41;31m[[41;97mERROR[41;31m][0m [1mTS2339: Property 'data' does not exist on type 'PagedResponse<AdmissionMeritList>'.[0m [1m[35m[plugin angular-compiler][0m

    src/app/modules/admissions/public-results/public-results.component.ts:798:24:
[37m      798 │         const all = res.[32mdata[37m?.content || res.content || [];
          ╵                         [32m~~~~[0m


[31mX [41;31m[[41;97mERROR[41;31m][0m [1mTS2339: Property 'data' does not exist on type 'PagedResponse<AdmissionMeritListEntry>'.[0m [1m[35m[plugin angular-compiler][0m

    src/app/modules/admissions/public-results/public-results.component.ts:829:27:
[37m      829 │         this.entries = res.[32mdata[37m?.content || res.content || [];
          ╵                            [32m~~~~[0m


[31mX [41;31m[[41;97mERROR[41;31m][0m [1mTS2339: Property 'data' does not exist on type 'PagedResponse<AdmissionMeritListEntry>'.[0m [1m[35m[plugin angular-compiler][0m

    src/app/modules/admissions/public-results/public-results.component.ts:830:30:
[37m      830 │         this.totalPages = res.[32mdata[37m?.totalPages || res.totalPages ...
          ╵                               [32m~~~~[0m


[31mX [41;31m[[41;97mERROR[41;31m][0m [1mTS2339: Property 'data' does not exist on type 'PagedResponse<AdmissionMeritListEntry>'.[0m [1m[35m[plugin angular-compiler][0m

    src/app/modules/admissions/public-results/public-results.component.ts:831:32:
[37m      831 │         this.totalEntries = res.[32mdata[37m?.totalElements || res.totalE...
          ╵                                 [32m~~~~[0m

[39m[22m
[33m>[39m Changes detected. Rebuilding...
[32m√[39m Changes detected. Rebuilding...
[1mInitial chunk files[22m[2m | [22m[1mNames[22m                            [2m | [22m [1mRaw size[22m
[32mstyles.css[39m         [2m | [22m[2mstyles[22m                           [2m | [22m[36m383.78 kB[39m[2m | [22m
[32mmain.js[39m            [2m | [22m[2mmain[22m                             [2m | [22m[36m114.60 kB[39m[2m | [22m
[32mscripts.js[39m         [2m | [22m[2mscripts[22m                          [2m | [22m[36m107.73 kB[39m[2m | [22m
[32mchunk-F43GER7N.js[39m  [2m | [22m[2m-[22m                                [2m | [22m  [36m7.15 kB[39m[2m | [22m
[32mchunk-G5ED5BNQ.js[39m  [2m | [22m[2m-[22m                                [2m | [22m  [36m4.02 kB[39m[2m | [22m
[32mchunk-YRQ44UL6.js[39m  [2m | [22m[2m-[22m                                [2m | [22m  [36m2.32 kB[39m[2m | [22m
[32mchunk-UYKXC6FV.js[39m  [2m | [22m[2m-[22m                                [2m | [22m  [36m1.90 kB[39m[2m | [22m
[32mchunk-653SOEEV.js[39m  [2m | [22m[2m-[22m                                [2m | [22m  [36m1.51 kB[39m[2m | [22m
[32mchunk-B4F2FIQP.js[39m  [2m | [22m[2m-[22m                                [2m | [22m[36m187 bytes[39m[2m | [22m
[32mpolyfills.js[39m       [2m | [22m[2mpolyfills[22m                        [2m | [22m [36m95 bytes[39m[2m | [22m

[1m [22m                  [2m | [22m[1mInitial total[22m                    [2m | [22m[1m623.29 kB[22m

[1mLazy chunk files[22m   [2m | [22m[1mNames[22m                            [2m | [22m [1mRaw size[22m
[32mchunk-HNLL7HMF.js[39m  [2m | [22m[2mlanding-component[22m                [2m | [22m[36m108.57 kB[39m[2m | [22m
[32mchunk-3NJCU5SF.js[39m  [2m | [22m[2mpre-admission-register-component[22m [2m | [22m[36m105.75 kB[39m[2m | [22m
[32mchunk-66MRB4ML.js[39m  [2m | [22m[2madmin-management-component[22m       [2m | [22m[36m104.44 kB[39m[2m | [22m
[32mchunk-TLLZWHTI.js[39m  [2m | [22m[2mapplicant-dashboard-component[22m    [2m | [22m [36m97.46 kB[39m[2m | [22m
[32mchunk-I65U4ONE.js[39m  [2m | [22m[2mstudent-dashboard-component[22m      [2m | [22m [36m90.33 kB[39m[2m | [22m
[32mchunk-65ZGP7EJ.js[39m  [2m | [22m[2mdashboard-component[22m              [2m | [22m [36m81.80 kB[39m[2m | [22m
[32mchunk-MXG7XTBV.js[39m  [2m | [22m[2mseat-allocations-component[22m       [2m | [22m [36m74.88 kB[39m[2m | [22m
[32mchunk-GPKQX6ZY.js[39m  [2m | [22m[2msettings-component[22m               [2m | [22m [36m73.32 kB[39m[2m | [22m
[32mchunk-Y4FCHEMU.js[39m  [2m | [22m[2mclass-routine-component[22m          [2m | [22m [36m71.81 kB[39m[2m | [22m
[32mchunk-64O5E6HP.js[39m  [2m | [22m[2madmission-confirmations-component[22m[2m | [22m [36m65.04 kB[39m[2m | [22m
[32mchunk-HNZ23T4M.js[39m  [2m | [22m[2menrollment-component[22m             [2m | [22m [36m63.15 kB[39m[2m | [22m
[32mchunk-P7DXQF5L.js[39m  [2m | [22m[2mcalendar-event-component[22m         [2m | [22m [36m60.21 kB[39m[2m | [22m
[32mchunk-WDVJWGNN.js[39m  [2m | [22m[2mtests-component[22m                  [2m | [22m [36m59.16 kB[39m[2m | [22m
[32mchunk-YSSHDMKV.js[39m  [2m | [22m[2maccount-lock-rules-component[22m     [2m | [22m [36m56.50 kB[39m[2m | [22m
[32mchunk-24DZGBZ3.js[39m  [2m | [22m[2mresults-component[22m                [2m | [22m [36m56.11 kB[39m[2m | [22m
[2m...and 217 more lazy chunks files. Use "--verbose" to show all the files.[22m

Application bundle generation complete. [1.890 seconds] - 2026-08-17T10:45:45.312Z

Page reload sent to client(s).
[33m>[39m Changes detected. Rebuilding...
[32m√[39m Changes detected. Rebuilding...
[1mInitial chunk files[22m[2m | [22m[1mNames[22m                        [2m | [22m [1mRaw size[22m
[32mmain.js[39m            [2m | [22m[2mmain[22m                         [2m | [22m[36m114.60 kB[39m[2m | [22m
[32mchunk-JFCCKOKU.js[39m  [2m | [22m[2m-[22m                            [2m | [22m  [36m8.14 kB[39m[2m | [22m
[32mchunk-OQ2D7XFQ.js[39m  [2m | [22m[2m-[22m                            [2m | [22m  [36m4.02 kB[39m[2m | [22m

[1mLazy chunk files[22m   [2m | [22m[1mNames[22m                        [2m | [22m [1mRaw size[22m
[32mchunk-ZHGCN5XN.js[39m  [2m | [22m[2mapplicant-dashboard-component[22m[2m | [22m [36m97.46 kB[39m[2m | [22m
[32mchunk-PIQMAH7U.js[39m  [2m | [22m[2mstudent-dashboard-component[22m  [2m | [22m [36m90.33 kB[39m[2m | [22m
[32mchunk-EGOYXATL.js[39m  [2m | [22m[2mdashboard-component[22m          [2m | [22m [36m81.80 kB[39m[2m | [22m
[32mchunk-CSK34N4B.js[39m  [2m | [22m[2msettings-component[22m           [2m | [22m [36m73.32 kB[39m[2m | [22m
[32mchunk-5M3FQ3WB.js[39m  [2m | [22m[2mlogin-component[22m              [2m | [22m [36m30.21 kB[39m[2m | [22m

Application bundle generation complete. [12.887 seconds] - 2026-08-17T10:55:51.007Z

Page reload sent to client(s).
[33m>[39m Changes detected. Rebuilding...
[32m√[39m Changes detected. Rebuilding...
[1mInitial chunk files[22m[2m | [22m[1mNames[22m          [2m | [22m [1mRaw size[22m
[32mmain.js[39m            [2m | [22m[2mmain[22m           [2m | [22m[36m114.60 kB[39m[2m | [22m

[1mLazy chunk files[22m   [2m | [22m[1mNames[22m          [2m | [22m [1mRaw size[22m
[32mchunk-DQOZMN44.js[39m  [2m | [22m[2mlogin-component[22m[2m | [22m [36m30.78 kB[39m[2m | [22m

Application bundle generation complete. [3.448 seconds] - 2026-08-17T10:55:55.763Z

Page reload sent to client(s).
[33m>[39m Changes detected. Rebuilding...
[32m√[39m Changes detected. Rebuilding...
Application bundle generation failed. [1.842 seconds] - 2026-08-17T10:56:05.391Z

[1m[31m[31mX [41;31m[[41;97mERROR[41;31m][0m [1mNG2003: No suitable injection token for parameter 'currentUserService' of class 'LandingComponent'.
  Consider using the @Inject decorator to specify an injection token.[0m [1m[35m[plugin angular-compiler][0m

    src/app/modules/landing/landing.component.ts:1243:11:
[37m      1243 │     public [32mcurrentUserService[37m: CurrentUserService,
           ╵            [32m~~~~~~~~~~~~~~~~~~[0m

  This type does not have a value, so it cannot be used as injection token.

    src/app/modules/landing/landing.component.ts:1243:31:
[37m      1243 │     public currentUserService: [32mCurrentUserService[37m,
           ╵                                [32m~~~~~~~~~~~~~~~~~~[0m


[31mX [41;31m[[41;97mERROR[41;31m][0m [1mTS2304: Cannot find name 'CurrentUserService'.[0m [1m[35m[plugin angular-compiler][0m

    src/app/modules/landing/landing.component.ts:1243:31:
[37m      1243 │     public currentUserService: [32mCurrentUserService[37m,
           ╵                                [32m~~~~~~~~~~~~~~~~~~[0m


[31mX [41;31m[[41;97mERROR[41;31m][0m [1mTS2304: Cannot find name 'AuthService'.[0m [1m[35m[plugin angular-compiler][0m

    src/app/modules/landing/landing.component.ts:1244:25:
[37m      1244 │     private authService: [32mAuthService[37m
           ╵                          [32m~~~~~~~~~~~[0m

[39m[22m
[33m>[39m Changes detected. Rebuilding...
[2m4:56:17 PM[22m [36m[1m[vite][22m[39m [90m[2m(client)[22m[39m [32m✨ new dependencies optimized: [33mcrypto-js[32m[39m
[2m4:56:17 PM[22m [36m[1m[vite][22m[39m [90m[2m(client)[22m[39m [32m✨ optimized dependencies changed. reloading[39m
[32m√[39m Changes detected. Rebuilding...
Application bundle generation failed. [3.714 seconds] - 2026-08-17T10:56:18.689Z

[1m[31m[31mX [41;31m[[41;97mERROR[41;31m][0m [1mNG2003: No suitable injection token for parameter 'currentUserService' of class 'LandingComponent'.
  Consider using the @Inject decorator to specify an injection token.[0m [1m[35m[plugin angular-compiler][0m

    src/app/modules/landing/landing.component.ts:1243:11:
[37m      1243 │     public [32mcurrentUserService[37m: CurrentUserService,
           ╵            [32m~~~~~~~~~~~~~~~~~~[0m

  This type does not have a value, so it cannot be used as injection token.

    src/app/modules/landing/landing.component.ts:1243:31:
[37m      1243 │     public currentUserService: [32mCurrentUserService[37m,
           ╵                                [32m~~~~~~~~~~~~~~~~~~[0m


[31mX [41;31m[[41;97mERROR[41;31m][0m [1mTS2304: Cannot find name 'CurrentUserService'.[0m [1m[35m[plugin angular-compiler][0m

    src/app/modules/landing/landing.component.ts:1243:31:
[37m      1243 │     public currentUserService: [32mCurrentUserService[37m,
           ╵                                [32m~~~~~~~~~~~~~~~~~~[0m


[31mX [41;31m[[41;97mERROR[41;31m][0m [1mTS2304: Cannot find name 'AuthService'.[0m [1m[35m[plugin angular-compiler][0m

    src/app/modules/landing/landing.component.ts:1244:25:
[37m      1244 │     private authService: [32mAuthService[37m
           ╵                          [32m~~~~~~~~~~~[0m

[39m[22m
[33m>[39m Changes detected. Rebuilding...
[32m√[39m Changes detected. Rebuilding...
Application bundle generation failed. [1.125 seconds] - 2026-08-17T10:56:55.501Z

[1m[31m[31mX [41;31m[[41;97mERROR[41;31m][0m [1mNG2003: No suitable injection token for parameter 'currentUserService' of class 'LandingComponent'.
  Consider using the @Inject decorator to specify an injection token.[0m [1m[35m[plugin angular-compiler][0m

    src/app/modules/landing/landing.component.ts:1243:11:
[37m      1243 │     public [32mcurrentUserService[37m: CurrentUserService,
           ╵            [32m~~~~~~~~~~~~~~~~~~[0m

  This type does not have a value, so it cannot be used as injection token.

    src/app/modules/landing/landing.component.ts:1243:31:
[37m      1243 │     public currentUserService: [32mCurrentUserService[37m,
           ╵                                [32m~~~~~~~~~~~~~~~~~~[0m


[31mX [41;31m[[41;97mERROR[41;31m][0m [1mTS2304: Cannot find name 'CurrentUserService'.[0m [1m[35m[plugin angular-compiler][0m

    src/app/modules/landing/landing.component.ts:1243:31:
[37m      1243 │     public currentUserService: [32mCurrentUserService[37m,
           ╵                                [32m~~~~~~~~~~~~~~~~~~[0m


[31mX [41;31m[[41;97mERROR[41;31m][0m [1mTS2304: Cannot find name 'AuthService'.[0m [1m[35m[plugin angular-compiler][0m

    src/app/modules/landing/landing.component.ts:1244:25:
[37m      1244 │     private authService: [32mAuthService[37m
           ╵                          [32m~~~~~~~~~~~[0m

[39m[22m
[33m>[39m Changes detected. Rebuilding...
[32m√[39m Changes detected. Rebuilding...
Application bundle generation failed. [1.210 seconds] - 2026-08-17T10:57:47.500Z

[1m[31m[31mX [41;31m[[41;97mERROR[41;31m][0m [1mTS2307: Cannot find module '../../../services/current-user.service' or its corresponding type declarations.[0m [1m[35m[plugin angular-compiler][0m

    src/app/modules/landing/landing.component.ts:4:35:
[37m      4 │ ...CurrentUserService } from [32m'../../../services/current-user.service'[37m;
        ╵                              [32m~~~~~~~~~~~~~~~~~~~~~~~~~~~~~~~~~~~~~~~~[0m


[31mX [41;31m[[41;97mERROR[41;31m][0m [1mTS2307: Cannot find module '../../../services/auth.service' or its corresponding type declarations.[0m [1m[35m[plugin angular-compiler][0m

    src/app/modules/landing/landing.component.ts:5:28:
[37m      5 │ import { AuthService } from [32m'../../../services/auth.service'[37m;
        ╵                             [32m~~~~~~~~~~~~~~~~~~~~~~~~~~~~~~~~[0m


[31mX [41;31m[[41;97mERROR[41;31m][0m [1mNG2003: No suitable injection token for parameter 'currentUserService' of class 'LandingComponent'.
  Consider using the @Inject decorator to specify an injection token.[0m [1m[35m[plugin angular-compiler][0m

    src/app/modules/landing/landing.component.ts:1245:11:
[37m      1245 │     public [32mcurrentUserService[37m: CurrentUserService,
           ╵            [32m~~~~~~~~~~~~~~~~~~[0m

  This type does not have a value, so it cannot be used as injection token.

    src/app/modules/landing/landing.component.ts:1245:31:
[37m      1245 │     public currentUserService: [32mCurrentUserService[37m,
           ╵                                [32m~~~~~~~~~~~~~~~~~~[0m

[39m[22m
[33m>[39m Changes detected. Rebuilding...
[32m√[39m Changes detected. Rebuilding...
[1mInitial chunk files[22m[2m | [22m[1mNames[22m                            [2m | [22m [1mRaw size[22m
[32mstyles.css[39m         [2m | [22m[2mstyles[22m                           [2m | [22m[36m383.78 kB[39m[2m | [22m
[32mmain.js[39m            [2m | [22m[2mmain[22m                             [2m | [22m[36m114.86 kB[39m[2m | [22m
[32mscripts.js[39m         [2m | [22m[2mscripts[22m                          [2m | [22m[36m107.73 kB[39m[2m | [22m
[32mchunk-JFCCKOKU.js[39m  [2m | [22m[2m-[22m                                [2m | [22m  [36m8.14 kB[39m[2m | [22m
[32mchunk-OQ2D7XFQ.js[39m  [2m | [22m[2m-[22m                                [2m | [22m  [36m4.02 kB[39m[2m | [22m
[32mchunk-YRQ44UL6.js[39m  [2m | [22m[2m-[22m                                [2m | [22m  [36m2.32 kB[39m[2m | [22m
[32mchunk-UYKXC6FV.js[39m  [2m | [22m[2m-[22m                                [2m | [22m  [36m1.90 kB[39m[2m | [22m
[32mchunk-653SOEEV.js[39m  [2m | [22m[2m-[22m                                [2m | [22m  [36m1.51 kB[39m[2m | [22m
[32mchunk-B4F2FIQP.js[39m  [2m | [22m[2m-[22m                                [2m | [22m[36m187 bytes[39m[2m | [22m
[32mpolyfills.js[39m       [2m | [22m[2mpolyfills[22m                        [2m | [22m [36m95 bytes[39m[2m | [22m

[1m [22m                  [2m | [22m[1mInitial total[22m                    [2m | [22m[1m624.55 kB[22m

[1mLazy chunk files[22m   [2m | [22m[1mNames[22m                            [2m | [22m [1mRaw size[22m
[32mchunk-2TTC6SUU.js[39m  [2m | [22m[2mlanding-component[22m                [2m | [22m[36m114.00 kB[39m[2m | [22m
[32mchunk-3NJCU5SF.js[39m  [2m | [22m[2mpre-admission-register-component[22m [2m | [22m[36m105.75 kB[39m[2m | [22m
[32mchunk-66MRB4ML.js[39m  [2m | [22m[2madmin-management-component[22m       [2m | [22m[36m104.44 kB[39m[2m | [22m
[32mchunk-ZHGCN5XN.js[39m  [2m | [22m[2mapplicant-dashboard-component[22m    [2m | [22m [36m97.46 kB[39m[2m | [22m
[32mchunk-PIQMAH7U.js[39m  [2m | [22m[2mstudent-dashboard-component[22m      [2m | [22m [36m90.33 kB[39m[2m | [22m
[32mchunk-EGOYXATL.js[39m  [2m | [22m[2mdashboard-component[22m              [2m | [22m [36m81.80 kB[39m[2m | [22m
[32mchunk-MXG7XTBV.js[39m  [2m | [22m[2mseat-allocations-component[22m       [2m | [22m [36m74.88 kB[39m[2m | [22m
[32mchunk-CSK34N4B.js[39m  [2m | [22m[2msettings-component[22m               [2m | [22m [36m73.32 kB[39m[2m | [22m
[32mchunk-Y4FCHEMU.js[39m  [2m | [22m[2mclass-routine-component[22m          [2m | [22m [36m71.81 kB[39m[2m | [22m
[32mchunk-64O5E6HP.js[39m  [2m | [22m[2madmission-confirmations-component[22m[2m | [22m [36m65.04 kB[39m[2m | [22m
[32mchunk-HNZ23T4M.js[39m  [2m | [22m[2menrollment-component[22m             [2m | [22m [36m63.15 kB[39m[2m | [22m
[32mchunk-P7DXQF5L.js[39m  [2m | [22m[2mcalendar-event-component[22m         [2m | [22m [36m60.21 kB[39m[2m | [22m
[32mchunk-WDVJWGNN.js[39m  [2m | [22m[2mtests-component[22m                  [2m | [22m [36m59.16 kB[39m[2m | [22m
[32mchunk-YSSHDMKV.js[39m  [2m | [22m[2maccount-lock-rules-component[22m     [2m | [22m [36m56.50 kB[39m[2m | [22m
[32mchunk-24DZGBZ3.js[39m  [2m | [22m[2mresults-component[22m                [2m | [22m [36m56.11 kB[39m[2m | [22m
[2m...and 217 more lazy chunks files. Use "--verbose" to show all the files.[22m

Application bundle generation complete. [1.839 seconds] - 2026-08-17T10:58:32.522Z

Page reload sent to client(s).
[33m>[39m Changes detected. Rebuilding...
[32m√[39m Changes detected. Rebuilding...
[1mInitial chunk files[22m[2m | [22m[1mNames[22m                        [2m | [22m [1mRaw size[22m
[32mmain.js[39m            [2m | [22m[2mmain[22m                         [2m | [22m[36m114.86 kB[39m[2m | [22m

[1mLazy chunk files[22m   [2m | [22m[1mNames[22m                        [2m | [22m [1mRaw size[22m
[32mchunk-K4SRLB23.js[39m  [2m | [22m[2mapplicant-dashboard-component[22m[2m | [22m[36m105.34 kB[39m[2m | [22m

Application bundle generation complete. [2.803 seconds] - 2026-08-17T11:06:37.834Z

Component update sent to client(s).
[33m>[39m Changes detected. Rebuilding...
[32m√[39m Changes detected. Rebuilding...
[1mInitial chunk files[22m[2m | [22m[1mNames[22m                        [2m | [22m [1mRaw size[22m
[32mmain.js[39m            [2m | [22m[2mmain[22m                         [2m | [22m[36m114.86 kB[39m[2m | [22m

[1mLazy chunk files[22m   [2m | [22m[1mNames[22m                        [2m | [22m [1mRaw size[22m
[32mchunk-MMIO56FA.js[39m  [2m | [22m[2mapplicant-dashboard-component[22m[2m | [22m[36m110.84 kB[39m[2m | [22m

Application bundle generation complete. [1.745 seconds] - 2026-08-17T11:06:47.462Z

Component update sent to client(s).
[33m>[39m Changes detected. Rebuilding...
[32m√[39m Changes detected. Rebuilding...

No output file changes.

Application bundle generation complete. [24.002 seconds] - 2026-08-17T19:22:12.184Z

[33m>[39m Changes detected. Rebuilding...
[32m√[39m Changes detected. Rebuilding...
[1mInitial chunk files[22m[2m | [22m[1mNames[22m            [2m | [22m [1mRaw size[22m
[32mmain.js[39m            [2m | [22m[2mmain[22m             [2m | [22m[36m114.86 kB[39m[2m | [22m

[1mLazy chunk files[22m   [2m | [22m[1mNames[22m            [2m | [22m [1mRaw size[22m
[32mchunk-Z7WVC2XF.js[39m  [2m | [22m[2mcourses-component[22m[2m | [22m [36m20.25 kB[39m[2m | [22m

Application bundle generation complete. [4.748 seconds] - 2026-08-17T19:22:16.943Z

Page reload sent to client(s).
[33m>[39m Changes detected. Rebuilding...
[32m√[39m Changes detected. Rebuilding...
[1mInitial chunk files[22m[2m | [22m[1mNames[22m                             [2m | [22m [1mRaw size[22m
[32mmain.js[39m            [2m | [22m[2mmain[22m                              [2m | [22m[36m114.86 kB[39m[2m | [22m

[1mLazy chunk files[22m   [2m | [22m[1mNames[22m                             [2m | [22m [1mRaw size[22m
[32mchunk-ED3TP26T.js[39m  [2m | [22m[2mtest-results-component[22m            [2m | [22m [36m54.33 kB[39m[2m | [22m
[32mchunk-2QQFXEYD.js[39m  [2m | [22m[2minvoices-component[22m                [2m | [22m [36m47.79 kB[39m[2m | [22m
[32mchunk-QDH2EYNX.js[39m  [2m | [22m[2mworkflow-management-component[22m     [2m | [22m [36m42.72 kB[39m[2m | [22m
[32mchunk-TPJRW5GT.js[39m  [2m | [22m[2m-[22m                                 [2m | [22m [36m40.08 kB[39m[2m | [22m
[32mchunk-KOOIPFOF.js[39m  [2m | [22m[2mallocations-component[22m             [2m | [22m [36m37.29 kB[39m[2m | [22m
[32mchunk-EAYBSSJS.js[39m  [2m | [22m[2mpayments-component[22m                [2m | [22m [36m32.49 kB[39m[2m | [22m
[32mchunk-ZXCAX5ZC.js[39m  [2m | [22m[2mcirculars-component[22m               [2m | [22m [36m29.95 kB[39m[2m | [22m
[32mchunk-GDQBE2SZ.js[39m  [2m | [22m[2musers-component[22m                   [2m | [22m [36m25.71 kB[39m[2m | [22m
[32mchunk-QQOJ2FLV.js[39m  [2m | [22m[2mroles-component[22m                   [2m | [22m [36m23.82 kB[39m[2m | [22m
[32mchunk-F24U3PBZ.js[39m  [2m | [22m[2mpermissions-component[22m             [2m | [22m [36m22.87 kB[39m[2m | [22m
[32mchunk-PVIG35LX.js[39m  [2m | [22m[2mfee-structures-component[22m          [2m | [22m [36m20.45 kB[39m[2m | [22m
[32mchunk-W2NFRKNV.js[39m  [2m | [22m[2mcourses-component[22m                 [2m | [22m [36m20.25 kB[39m[2m | [22m
[32mchunk-M633WL2U.js[39m  [2m | [22m[2mfines-component[22m                   [2m | [22m [36m19.06 kB[39m[2m | [22m
[32mchunk-57ZNUT7K.js[39m  [2m | [22m[2madministration-divisions-component[22m[2m | [22m [36m18.46 kB[39m[2m | [22m
[32mchunk-QPCLM6EC.js[39m  [2m | [22m[2macademic-calendar-component[22m       [2m | [22m [36m18.40 kB[39m[2m | [22m
[2m...and 88 more lazy chunks files. Use "--verbose" to show all the files.[22m

Application bundle generation complete. [10.885 seconds] - 2026-08-17T19:23:03.300Z

Page reload sent to client(s).
[33m>[39m Changes detected. Rebuilding...
[32m√[39m Changes detected. Rebuilding...
Application bundle generation failed. [9.981 seconds] - 2026-08-17T19:23:18.203Z

[1m[31m[31mX [41;31m[[41;97mERROR[41;31m][0m [1mTS2339: Property 'getOptionLabel' does not exist on type 'DataTableComponent'.[0m [1m[35m[plugin angular-compiler][0m

    src/app/shared/data-table/data-table.component.ts:86:27:
[37m      86 │                         {{ [32mgetOptionLabel[37m(col, item[col.key]) }}
         ╵                            [32m~~~~~~~~~~~~~~[0m

[39m[22m
[33m>[39m Changes detected. Rebuilding...
[32m√[39m Changes detected. Rebuilding...
Application bundle generation failed. [10.649 seconds] - 2026-08-17T19:23:29.432Z

[1m[31m[31mX [41;31m[[41;97mERROR[41;31m][0m [1mNG2003: No suitable injection token for parameter 'lookupService' of class 'DataTableComponent'.
  Consider using the @Inject decorator to specify an injection token.[0m [1m[35m[plugin angular-compiler][0m

    src/app/shared/data-table/data-table.component.ts:281:22:
[37m      281 │   constructor(private [32mlookupService[37m?: LookupService) {}
          ╵                       [32m~~~~~~~~~~~~~[0m

  This type does not have a value, so it cannot be used as injection token.

    src/app/shared/data-table/data-table.component.ts:281:38:
[37m      281 │   constructor(private lookupService?: [32mLookupService[37m) {}
          ╵                                       [32m~~~~~~~~~~~~~[0m


[31mX [41;31m[[41;97mERROR[41;31m][0m [1mTS2304: Cannot find name 'LookupService'.[0m [1m[35m[plugin angular-compiler][0m

    src/app/shared/data-table/data-table.component.ts:281:38:
[37m      281 │   constructor(private lookupService?: [32mLookupService[37m) {}
          ╵                                       [32m~~~~~~~~~~~~~[0m

[39m[22m
[33m>[39m Changes detected. Rebuilding...
[32m√[39m Changes detected. Rebuilding...
[1mInitial chunk files[22m[2m | [22m[1mNames[22m                            [2m | [22m [1mRaw size[22m
[32mstyles.css[39m         [2m | [22m[2mstyles[22m                           [2m | [22m[36m383.78 kB[39m[2m | [22m
[32mmain.js[39m            [2m | [22m[2mmain[22m                             [2m | [22m[36m114.86 kB[39m[2m | [22m
[32mscripts.js[39m         [2m | [22m[2mscripts[22m                          [2m | [22m[36m107.73 kB[39m[2m | [22m
[32mchunk-JFCCKOKU.js[39m  [2m | [22m[2m-[22m                                [2m | [22m  [36m8.14 kB[39m[2m | [22m
[32mchunk-OQ2D7XFQ.js[39m  [2m | [22m[2m-[22m                                [2m | [22m  [36m4.02 kB[39m[2m | [22m
[32mchunk-YRQ44UL6.js[39m  [2m | [22m[2m-[22m                                [2m | [22m  [36m2.32 kB[39m[2m | [22m
[32mchunk-UYKXC6FV.js[39m  [2m | [22m[2m-[22m                                [2m | [22m  [36m1.90 kB[39m[2m | [22m
[32mchunk-653SOEEV.js[39m  [2m | [22m[2m-[22m                                [2m | [22m  [36m1.51 kB[39m[2m | [22m
[32mchunk-B4F2FIQP.js[39m  [2m | [22m[2m-[22m                                [2m | [22m[36m187 bytes[39m[2m | [22m
[32mpolyfills.js[39m       [2m | [22m[2mpolyfills[22m                        [2m | [22m [36m95 bytes[39m[2m | [22m

[1m [22m                  [2m | [22m[1mInitial total[22m                    [2m | [22m[1m624.55 kB[22m

[1mLazy chunk files[22m   [2m | [22m[1mNames[22m                            [2m | [22m [1mRaw size[22m
[32mchunk-2TTC6SUU.js[39m  [2m | [22m[2mlanding-component[22m                [2m | [22m[36m114.00 kB[39m[2m | [22m
[32mchunk-MMIO56FA.js[39m  [2m | [22m[2mapplicant-dashboard-component[22m    [2m | [22m[36m110.84 kB[39m[2m | [22m
[32mchunk-3NJCU5SF.js[39m  [2m | [22m[2mpre-admission-register-component[22m [2m | [22m[36m105.75 kB[39m[2m | [22m
[32mchunk-66MRB4ML.js[39m  [2m | [22m[2madmin-management-component[22m       [2m | [22m[36m104.44 kB[39m[2m | [22m
[32mchunk-PIQMAH7U.js[39m  [2m | [22m[2mstudent-dashboard-component[22m      [2m | [22m [36m90.33 kB[39m[2m | [22m
[32mchunk-EGOYXATL.js[39m  [2m | [22m[2mdashboard-component[22m              [2m | [22m [36m81.80 kB[39m[2m | [22m
[32mchunk-RXHC6EEJ.js[39m  [2m | [22m[2mseat-allocations-component[22m       [2m | [22m [36m74.91 kB[39m[2m | [22m
[32mchunk-CSK34N4B.js[39m  [2m | [22m[2msettings-component[22m               [2m | [22m [36m73.32 kB[39m[2m | [22m
[32mchunk-Y4FCHEMU.js[39m  [2m | [22m[2mclass-routine-component[22m          [2m | [22m [36m71.81 kB[39m[2m | [22m
[32mchunk-64O5E6HP.js[39m  [2m | [22m[2madmission-confirmations-component[22m[2m | [22m [36m65.04 kB[39m[2m | [22m
[32mchunk-HNZ23T4M.js[39m  [2m | [22m[2menrollment-component[22m             [2m | [22m [36m63.15 kB[39m[2m | [22m
[32mchunk-P7DXQF5L.js[39m  [2m | [22m[2mcalendar-event-component[22m         [2m | [22m [36m60.21 kB[39m[2m | [22m
[32mchunk-BBFX3FWK.js[39m  [2m | [22m[2mtests-component[22m                  [2m | [22m [36m59.19 kB[39m[2m | [22m
[32mchunk-YSSHDMKV.js[39m  [2m | [22m[2maccount-lock-rules-component[22m     [2m | [22m [36m56.50 kB[39m[2m | [22m
[32mchunk-24DZGBZ3.js[39m  [2m | [22m[2mresults-component[22m                [2m | [22m [36m56.11 kB[39m[2m | [22m
[2m...and 218 more lazy chunks files. Use "--verbose" to show all the files.[22m

Application bundle generation complete. [23.530 seconds] - 2026-08-17T19:23:52.968Z

Page reload sent to client(s).
[33m>[39m Changes detected. Rebuilding...
[32m√[39m Changes detected. Rebuilding...
Application bundle generation failed. [12.274 seconds] - 2026-08-17T19:30:11.858Z

[1m[31m[31mX [41;31m[[41;97mERROR[41;31m][0m [1mTS2339: Property 'studentOptions' does not exist on type 'InvoicesComponent'.[0m [1m[35m[plugin angular-compiler][0m

    src/app/modules/finance/invoices/invoices.component.ts:73:29:
[37m      73 │                 @for (opt of [32mstudentOptions[37m; track opt.value) {
         ╵                              [32m~~~~~~~~~~~~~~[0m


[31mX [41;31m[[41;97mERROR[41;31m][0m [1mTS2339: Property 'semesterOptions' does not exist on type 'InvoicesComponent'.[0m [1m[35m[plugin angular-compiler][0m

    src/app/modules/finance/invoices/invoices.component.ts:82:29:
[37m      82 │                 @for (opt of [32msemesterOptions[37m; track opt.value) {
         ╵                              [32m~~~~~~~~~~~~~~~[0m

[39m[22m
[33m>[39m Changes detected. Rebuilding...
[32m√[39m Changes detected. Rebuilding...
Application bundle generation failed. [2.318 seconds] - 2026-08-17T19:30:14.187Z

[1m[31m[31mX [41;31m[[41;97mERROR[41;31m][0m [1mTS2552: Cannot find name 'SelectOption'. Did you mean 'Selection'?[0m [1m[35m[plugin angular-compiler][0m

    src/app/modules/finance/invoices/invoices.component.ts:269:18:
[37m      269 │   studentOptions: [32mSelectOption[37m[] = [];
          ╵                   [32m~~~~~~~~~~~~[0m

  'Selection' is declared here.

    node_modules/typescript/lib/lib.dom.d.ts:30515:12:
[37m      30515 │ declare var [32mSelection[37m: {
            ╵             [32m~~~~~~~~~[0m


[31mX [41;31m[[41;97mERROR[41;31m][0m [1mTS2552: Cannot find name 'SelectOption'. Did you mean 'Selection'?[0m [1m[35m[plugin angular-compiler][0m

    src/app/modules/finance/invoices/invoices.component.ts:270:19:
[37m      270 │   semesterOptions: [32mSelectOption[37m[] = [];
          ╵                    [32m~~~~~~~~~~~~[0m

  'Selection' is declared here.

    node_modules/typescript/lib/lib.dom.d.ts:30515:12:
[37m      30515 │ declare var [32mSelection[37m: {
            ╵             [32m~~~~~~~~~[0m


[31mX [41;31m[[41;97mERROR[41;31m][0m [1mNG2003: No suitable injection token for parameter 'lookupService' of class 'InvoicesComponent'.
  Consider using the @Inject decorator to specify an injection token.[0m [1m[35m[plugin angular-compiler][0m

    src/app/modules/finance/invoices/invoices.component.ts:274:12:
[37m      274 │     private [32mlookupService[37m: LookupService,
          ╵             [32m~~~~~~~~~~~~~[0m

  This type does not have a value, so it cannot be used as injection token.

    src/app/modules/finance/invoices/invoices.component.ts:274:27:
[37m      274 │     private lookupService: [32mLookupService[37m,
          ╵                            [32m~~~~~~~~~~~~~[0m


[31mX [41;31m[[41;97mERROR[41;31m][0m [1mTS2304: Cannot find name 'LookupService'.[0m [1m[35m[plugin angular-compiler][0m

    src/app/modules/finance/invoices/invoices.component.ts:274:27:
[37m      274 │     private lookupService: [32mLookupService[37m,
          ╵                            [32m~~~~~~~~~~~~~[0m


[31mX [41;31m[[41;97mERROR[41;31m][0m [1mTS7006: Parameter 'opts' implicitly has an 'any' type.[0m [1m[35m[plugin angular-compiler][0m

    src/app/modules/finance/invoices/invoices.component.ts:286:66:
[37m      286 │ ...ield('studentId')?.subscribe([32mopts[37m => this.studentOptions = opts);
          ╵                                 [32m~~~~[0m


[31mX [41;31m[[41;97mERROR[41;31m][0m [1mTS7006: Parameter 'opts' implicitly has an 'any' type.[0m [1m[35m[plugin angular-compiler][0m

    src/app/modules/finance/invoices/invoices.component.ts:287:67:
[37m      287 │ ...eld('semesterId')?.subscribe([32mopts[37m => this.semesterOptions = op...
          ╵                                 [32m~~~~[0m

[39m[22m
[33m>[39m Changes detected. Rebuilding...
[32m√[39m Changes detected. Rebuilding...
[1mInitial chunk files[22m[2m | [22m[1mNames[22m                            [2m | [22m [1mRaw size[22m
[32mstyles.css[39m         [2m | [22m[2mstyles[22m                           [2m | [22m[36m383.78 kB[39m[2m | [22m
[32mmain.js[39m            [2m | [22m[2mmain[22m                             [2m | [22m[36m114.86 kB[39m[2m | [22m
[32mscripts.js[39m         [2m | [22m[2mscripts[22m                          [2m | [22m[36m107.73 kB[39m[2m | [22m
[32mchunk-JFCCKOKU.js[39m  [2m | [22m[2m-[22m                                [2m | [22m  [36m8.14 kB[39m[2m | [22m
[32mchunk-OQ2D7XFQ.js[39m  [2m | [22m[2m-[22m                                [2m | [22m  [36m4.02 kB[39m[2m | [22m
[32mchunk-YRQ44UL6.js[39m  [2m | [22m[2m-[22m                                [2m | [22m  [36m2.32 kB[39m[2m | [22m
[32mchunk-UYKXC6FV.js[39m  [2m | [22m[2m-[22m                                [2m | [22m  [36m1.90 kB[39m[2m | [22m
[32mchunk-653SOEEV.js[39m  [2m | [22m[2m-[22m                                [2m | [22m  [36m1.51 kB[39m[2m | [22m
[32mchunk-B4F2FIQP.js[39m  [2m | [22m[2m-[22m                                [2m | [22m[36m187 bytes[39m[2m | [22m
[32mpolyfills.js[39m       [2m | [22m[2mpolyfills[22m                        [2m | [22m [36m95 bytes[39m[2m | [22m

[1m [22m                  [2m | [22m[1mInitial total[22m                    [2m | [22m[1m624.55 kB[22m

[1mLazy chunk files[22m   [2m | [22m[1mNames[22m                            [2m | [22m [1mRaw size[22m
[32mchunk-2TTC6SUU.js[39m  [2m | [22m[2mlanding-component[22m                [2m | [22m[36m114.00 kB[39m[2m | [22m
[32mchunk-MMIO56FA.js[39m  [2m | [22m[2mapplicant-dashboard-component[22m    [2m | [22m[36m110.84 kB[39m[2m | [22m
[32mchunk-3NJCU5SF.js[39m  [2m | [22m[2mpre-admission-register-component[22m [2m | [22m[36m105.75 kB[39m[2m | [22m
[32mchunk-66MRB4ML.js[39m  [2m | [22m[2madmin-management-component[22m       [2m | [22m[36m104.44 kB[39m[2m | [22m
[32mchunk-PIQMAH7U.js[39m  [2m | [22m[2mstudent-dashboard-component[22m      [2m | [22m [36m90.33 kB[39m[2m | [22m
[32mchunk-EGOYXATL.js[39m  [2m | [22m[2mdashboard-component[22m              [2m | [22m [36m81.80 kB[39m[2m | [22m
[32mchunk-RXHC6EEJ.js[39m  [2m | [22m[2mseat-allocations-component[22m       [2m | [22m [36m74.91 kB[39m[2m | [22m
[32mchunk-CSK34N4B.js[39m  [2m | [22m[2msettings-component[22m               [2m | [22m [36m73.32 kB[39m[2m | [22m
[32mchunk-Y4FCHEMU.js[39m  [2m | [22m[2mclass-routine-component[22m          [2m | [22m [36m71.81 kB[39m[2m | [22m
[32mchunk-64O5E6HP.js[39m  [2m | [22m[2madmission-confirmations-component[22m[2m | [22m [36m65.04 kB[39m[2m | [22m
[32mchunk-HNZ23T4M.js[39m  [2m | [22m[2menrollment-component[22m             [2m | [22m [36m63.15 kB[39m[2m | [22m
[32mchunk-P7DXQF5L.js[39m  [2m | [22m[2mcalendar-event-component[22m         [2m | [22m [36m60.21 kB[39m[2m | [22m
[32mchunk-BBFX3FWK.js[39m  [2m | [22m[2mtests-component[22m                  [2m | [22m [36m59.19 kB[39m[2m | [22m
[32mchunk-YSSHDMKV.js[39m  [2m | [22m[2maccount-lock-rules-component[22m     [2m | [22m [36m56.50 kB[39m[2m | [22m
[32mchunk-24DZGBZ3.js[39m  [2m | [22m[2mresults-component[22m                [2m | [22m [36m56.11 kB[39m[2m | [22m
[2m...and 218 more lazy chunks files. Use "--verbose" to show all the files.[22m

Application bundle generation complete. [3.159 seconds] - 2026-08-17T19:30:19.043Z

Page reload sent to client(s).
[33m>[39m Changes detected. Rebuilding...
[32m√[39m Changes detected. Rebuilding...
Application bundle generation failed. [2.779 seconds] - 2026-08-17T19:30:35.391Z

[1m[31m[31mX [41;31m[[41;97mERROR[41;31m][0m [1mTS2339: Property 'studentOptions' does not exist on type 'AdminManagementComponent'.[0m [1m[35m[plugin angular-compiler][0m

    src/app/modules/enrollment/admin-management/admin-management.component.ts:360:31:
[37m      360 │                     @for (s of [32mstudentOptions[37m; track s.value) {
          ╵                                [32m~~~~~~~~~~~~~~[0m

[39m[22m
[33m>[39m Changes detected. Rebuilding...
[32m√[39m Changes detected. Rebuilding...
Application bundle generation failed. [2.512 seconds] - 2026-08-17T19:30:45.629Z

[1m[31m[31mX [41;31m[[41;97mERROR[41;31m][0m [1mTS2339: Property 'studentOptions' does not exist on type 'AdminManagementComponent'.[0m [1m[35m[plugin angular-compiler][0m

    src/app/modules/enrollment/admin-management/admin-management.component.ts:361:31:
[37m      361 │                     @for (s of [32mstudentOptions[37m; track s.value) {
          ╵                                [32m~~~~~~~~~~~~~~[0m

[39m[22m
[33m>[39m Changes detected. Rebuilding...
[32m√[39m Changes detected. Rebuilding...
[1mInitial chunk files[22m[2m | [22m[1mNames[22m                            [2m | [22m [1mRaw size[22m
[32mstyles.css[39m         [2m | [22m[2mstyles[22m                           [2m | [22m[36m383.78 kB[39m[2m | [22m
[32mmain.js[39m            [2m | [22m[2mmain[22m                             [2m | [22m[36m114.86 kB[39m[2m | [22m
[32mscripts.js[39m         [2m | [22m[2mscripts[22m                          [2m | [22m[36m107.73 kB[39m[2m | [22m
[32mchunk-JFCCKOKU.js[39m  [2m | [22m[2m-[22m                                [2m | [22m  [36m8.14 kB[39m[2m | [22m
[32mchunk-OQ2D7XFQ.js[39m  [2m | [22m[2m-[22m                                [2m | [22m  [36m4.02 kB[39m[2m | [22m
[32mchunk-YRQ44UL6.js[39m  [2m | [22m[2m-[22m                                [2m | [22m  [36m2.32 kB[39m[2m | [22m
[32mchunk-UYKXC6FV.js[39m  [2m | [22m[2m-[22m                                [2m | [22m  [36m1.90 kB[39m[2m | [22m
[32mchunk-653SOEEV.js[39m  [2m | [22m[2m-[22m                                [2m | [22m  [36m1.51 kB[39m[2m | [22m
[32mchunk-B4F2FIQP.js[39m  [2m | [22m[2m-[22m                                [2m | [22m[36m187 bytes[39m[2m | [22m
[32mpolyfills.js[39m       [2m | [22m[2mpolyfills[22m                        [2m | [22m [36m95 bytes[39m[2m | [22m

[1m [22m                  [2m | [22m[1mInitial total[22m                    [2m | [22m[1m624.55 kB[22m

[1mLazy chunk files[22m   [2m | [22m[1mNames[22m                            [2m | [22m [1mRaw size[22m
[32mchunk-2TTC6SUU.js[39m  [2m | [22m[2mlanding-component[22m                [2m | [22m[36m114.00 kB[39m[2m | [22m
[32mchunk-MMIO56FA.js[39m  [2m | [22m[2mapplicant-dashboard-component[22m    [2m | [22m[36m110.84 kB[39m[2m | [22m
[32mchunk-3NJCU5SF.js[39m  [2m | [22m[2mpre-admission-register-component[22m [2m | [22m[36m105.75 kB[39m[2m | [22m
[32mchunk-AFOWTI7A.js[39m  [2m | [22m[2madmin-management-component[22m       [2m | [22m[36m105.75 kB[39m[2m | [22m
[32mchunk-PIQMAH7U.js[39m  [2m | [22m[2mstudent-dashboard-component[22m      [2m | [22m [36m90.33 kB[39m[2m | [22m
[32mchunk-EGOYXATL.js[39m  [2m | [22m[2mdashboard-component[22m              [2m | [22m [36m81.80 kB[39m[2m | [22m
[32mchunk-RXHC6EEJ.js[39m  [2m | [22m[2mseat-allocations-component[22m       [2m | [22m [36m74.91 kB[39m[2m | [22m
[32mchunk-CSK34N4B.js[39m  [2m | [22m[2msettings-component[22m               [2m | [22m [36m73.32 kB[39m[2m | [22m
[32mchunk-Y4FCHEMU.js[39m  [2m | [22m[2mclass-routine-component[22m          [2m | [22m [36m71.81 kB[39m[2m | [22m
[32mchunk-64O5E6HP.js[39m  [2m | [22m[2madmission-confirmations-component[22m[2m | [22m [36m65.04 kB[39m[2m | [22m
[32mchunk-HNZ23T4M.js[39m  [2m | [22m[2menrollment-component[22m             [2m | [22m [36m63.15 kB[39m[2m | [22m
[32mchunk-P7DXQF5L.js[39m  [2m | [22m[2mcalendar-event-component[22m         [2m | [22m [36m60.21 kB[39m[2m | [22m
[32mchunk-BBFX3FWK.js[39m  [2m | [22m[2mtests-component[22m                  [2m | [22m [36m59.19 kB[39m[2m | [22m
[32mchunk-YSSHDMKV.js[39m  [2m | [22m[2maccount-lock-rules-component[22m     [2m | [22m [36m56.50 kB[39m[2m | [22m
[32mchunk-24DZGBZ3.js[39m  [2m | [22m[2mresults-component[22m                [2m | [22m [36m56.11 kB[39m[2m | [22m
[2m...and 218 more lazy chunks files. Use "--verbose" to show all the files.[22m

Application bundle generation complete. [4.624 seconds] - 2026-08-17T19:30:55.432Z

Page reload sent to client(s).
[33m>[39m Changes detected. Rebuilding...
[32m√[39m Changes detected. Rebuilding...
Application bundle generation failed. [2.950 seconds] - 2026-08-17T19:31:07.854Z

[1m[33m[33m▲ [43;33m[[43;30mWARNING[43;33m][0m [1mNG8113: DataTableComponent is not used within the template of SeatAllocationsComponent[0m [1m[35m[plugin angular-compiler][0m

    src/app/modules/admissions/seat-allocations/seat-allocations.component.ts:14:39:
[37m      14 │ ...: [CommonModule, FormsModule, [32mDataTableComponent[37m, ToastComponent],
         ╵                                  [32m~~~~~~~~~~~~~~~~~~[0m


[33m▲ [43;33m[[43;30mWARNING[43;33m][0m [1mNG8113: ToastComponent is not used within the template of SeatAllocationsComponent[0m [1m[35m[plugin angular-compiler][0m

    src/app/modules/admissions/seat-allocations/seat-allocations.component.ts:14:59:
[37m      14 │ ...: [CommonModule, FormsModule, DataTableComponent, [32mToastComponent[37m],
         ╵                                                      [32m~~~~~~~~~~~~~~[0m

[39m[22m
[1m[31m[31mX [41;31m[[41;97mERROR[41;31m][0m [1mNG5002: Unexpected closing tag "form". It may happen when the tag has already been closed by another tag. For more info see https://www.w3.org/TR/html5/syntax.html#closing-elements-that-have-implied-end-tags[0m [1m[35m[plugin angular-compiler][0m

    src/app/modules/admissions/seat-allocations/seat-allocations.component.ts:141:10:
[37m      141 │           [32m</form>[37m
          ╵           [32m~~~~~~~[0m

[39m[22m
[33m>[39m Changes detected. Rebuilding...
[32m√[39m Changes detected. Rebuilding...
Application bundle generation failed. [3.073 seconds] - 2026-08-17T19:31:15.914Z

[1m[31m[31mX [41;31m[[41;97mERROR[41;31m][0m [1mTS2339: Property 'registrationOptions' does not exist on type 'SeatAllocationsComponent'.[0m [1m[35m[plugin angular-compiler][0m

    src/app/modules/admissions/seat-allocations/seat-allocations.component.ts:112:27:
[37m      112 │                 @for (c of [32mregistrationOptions[37m; track c.value) {
          ╵                            [32m~~~~~~~~~~~~~~~~~~~[0m

[39m[22m
[33m>[39m Changes detected. Rebuilding...
[32m√[39m Changes detected. Rebuilding...
Application bundle generation failed. [4.295 seconds] - 2026-08-17T19:31:26.277Z

[1m[31m[31mX [41;31m[[41;97mERROR[41;31m][0m [1mTS2339: Property 'registrationOptions' does not exist on type 'SeatAllocationsComponent'.[0m [1m[35m[plugin angular-compiler][0m

    src/app/modules/admissions/seat-allocations/seat-allocations.component.ts:113:27:
[37m      113 │                 @for (c of [32mregistrationOptions[37m; track c.value) {
          ╵                            [32m~~~~~~~~~~~~~~~~~~~[0m

[39m[22m
[33m>[39m Changes detected. Rebuilding...
[32m√[39m Changes detected. Rebuilding...
[1mInitial chunk files[22m[2m | [22m[1mNames[22m                            [2m | [22m [1mRaw size[22m
[32mstyles.css[39m         [2m | [22m[2mstyles[22m                           [2m | [22m[36m383.78 kB[39m[2m | [22m
[32mmain.js[39m            [2m | [22m[2mmain[22m                             [2m | [22m[36m114.86 kB[39m[2m | [22m
[32mscripts.js[39m         [2m | [22m[2mscripts[22m                          [2m | [22m[36m107.73 kB[39m[2m | [22m
[32mchunk-JFCCKOKU.js[39m  [2m | [22m[2m-[22m                                [2m | [22m  [36m8.14 kB[39m[2m | [22m
[32mchunk-OQ2D7XFQ.js[39m  [2m | [22m[2m-[22m                                [2m | [22m  [36m4.02 kB[39m[2m | [22m
[32mchunk-YRQ44UL6.js[39m  [2m | [22m[2m-[22m                                [2m | [22m  [36m2.32 kB[39m[2m | [22m
[32mchunk-UYKXC6FV.js[39m  [2m | [22m[2m-[22m                                [2m | [22m  [36m1.90 kB[39m[2m | [22m
[32mchunk-653SOEEV.js[39m  [2m | [22m[2m-[22m                                [2m | [22m  [36m1.51 kB[39m[2m | [22m
[32mchunk-B4F2FIQP.js[39m  [2m | [22m[2m-[22m                                [2m | [22m[36m187 bytes[39m[2m | [22m
[32mpolyfills.js[39m       [2m | [22m[2mpolyfills[22m                        [2m | [22m [36m95 bytes[39m[2m | [22m

[1m [22m                  [2m | [22m[1mInitial total[22m                    [2m | [22m[1m624.55 kB[22m

[1mLazy chunk files[22m   [2m | [22m[1mNames[22m                            [2m | [22m [1mRaw size[22m
[32mchunk-2TTC6SUU.js[39m  [2m | [22m[2mlanding-component[22m                [2m | [22m[36m114.00 kB[39m[2m | [22m
[32mchunk-MMIO56FA.js[39m  [2m | [22m[2mapplicant-dashboard-component[22m    [2m | [22m[36m110.84 kB[39m[2m | [22m
[32mchunk-3NJCU5SF.js[39m  [2m | [22m[2mpre-admission-register-component[22m [2m | [22m[36m105.75 kB[39m[2m | [22m
[32mchunk-AFOWTI7A.js[39m  [2m | [22m[2madmin-management-component[22m       [2m | [22m[36m105.75 kB[39m[2m | [22m
[32mchunk-PIQMAH7U.js[39m  [2m | [22m[2mstudent-dashboard-component[22m      [2m | [22m [36m90.33 kB[39m[2m | [22m
[32mchunk-EGOYXATL.js[39m  [2m | [22m[2mdashboard-component[22m              [2m | [22m [36m81.80 kB[39m[2m | [22m
[32mchunk-QQ5JZWKO.js[39m  [2m | [22m[2mseat-allocations-component[22m       [2m | [22m [36m76.50 kB[39m[2m | [22m
[32mchunk-CSK34N4B.js[39m  [2m | [22m[2msettings-component[22m               [2m | [22m [36m73.32 kB[39m[2m | [22m
[32mchunk-Y4FCHEMU.js[39m  [2m | [22m[2mclass-routine-component[22m          [2m | [22m [36m71.81 kB[39m[2m | [22m
[32mchunk-64O5E6HP.js[39m  [2m | [22m[2madmission-confirmations-component[22m[2m | [22m [36m65.04 kB[39m[2m | [22m
[32mchunk-HNZ23T4M.js[39m  [2m | [22m[2menrollment-component[22m             [2m | [22m [36m63.15 kB[39m[2m | [22m
[32mchunk-P7DXQF5L.js[39m  [2m | [22m[2mcalendar-event-component[22m         [2m | [22m [36m60.21 kB[39m[2m | [22m
[32mchunk-BBFX3FWK.js[39m  [2m | [22m[2mtests-component[22m                  [2m | [22m [36m59.19 kB[39m[2m | [22m
[32mchunk-YSSHDMKV.js[39m  [2m | [22m[2maccount-lock-rules-component[22m     [2m | [22m [36m56.50 kB[39m[2m | [22m
[32mchunk-24DZGBZ3.js[39m  [2m | [22m[2mresults-component[22m                [2m | [22m [36m56.11 kB[39m[2m | [22m
[2m...and 218 more lazy chunks files. Use "--verbose" to show all the files.[22m

Application bundle generation complete. [2.890 seconds] - 2026-08-17T19:31:33.136Z

Page reload sent to client(s).
[33m>[39m Changes detected. Rebuilding...
[32m√[39m Changes detected. Rebuilding...
Application bundle generation failed. [3.726 seconds] - 2026-08-17T19:31:45.335Z

[1m[31m[31mX [41;31m[[41;97mERROR[41;31m][0m [1mTS2339: Property 'registrationOptions' does not exist on type 'TestAttendanceComponent'.[0m [1m[35m[plugin angular-compiler][0m

    src/app/modules/admissions/test-attendance/test-attendance.component.ts:45:21:
[37m      45 │           @for (c of [32mregistrationOptions[37m; track c.value) {
         ╵                      [32m~~~~~~~~~~~~~~~~~~~[0m

[39m[22m
[33m>[39m Changes detected. Rebuilding...
[32m√[39m Changes detected. Rebuilding...
Application bundle generation failed. [4.453 seconds] - 2026-08-17T19:31:55.819Z

[1m[31m[31mX [41;31m[[41;97mERROR[41;31m][0m [1mTS2339: Property 'registrationOptions' does not exist on type 'TestAttendanceComponent'.[0m [1m[35m[plugin angular-compiler][0m

    src/app/modules/admissions/test-attendance/test-attendance.component.ts:46:21:
[37m      46 │           @for (c of [32mregistrationOptions[37m; track c.value) {
         ╵                      [32m~~~~~~~~~~~~~~~~~~~[0m

[39m[22m
[33m>[39m Changes detected. Rebuilding...
[32m√[39m Changes detected. Rebuilding...
[1mInitial chunk files[22m[2m | [22m[1mNames[22m                            [2m | [22m [1mRaw size[22m
[32mstyles.css[39m         [2m | [22m[2mstyles[22m                           [2m | [22m[36m383.78 kB[39m[2m | [22m
[32mmain.js[39m            [2m | [22m[2mmain[22m                             [2m | [22m[36m114.86 kB[39m[2m | [22m
[32mscripts.js[39m         [2m | [22m[2mscripts[22m                          [2m | [22m[36m107.73 kB[39m[2m | [22m
[32mchunk-JFCCKOKU.js[39m  [2m | [22m[2m-[22m                                [2m | [22m  [36m8.14 kB[39m[2m | [22m
[32mchunk-OQ2D7XFQ.js[39m  [2m | [22m[2m-[22m                                [2m | [22m  [36m4.02 kB[39m[2m | [22m
[32mchunk-YRQ44UL6.js[39m  [2m | [22m[2m-[22m                                [2m | [22m  [36m2.32 kB[39m[2m | [22m
[32mchunk-UYKXC6FV.js[39m  [2m | [22m[2m-[22m                                [2m | [22m  [36m1.90 kB[39m[2m | [22m
[32mchunk-653SOEEV.js[39m  [2m | [22m[2m-[22m                                [2m | [22m  [36m1.51 kB[39m[2m | [22m
[32mchunk-B4F2FIQP.js[39m  [2m | [22m[2m-[22m                                [2m | [22m[36m187 bytes[39m[2m | [22m
[32mpolyfills.js[39m       [2m | [22m[2mpolyfills[22m                        [2m | [22m [36m95 bytes[39m[2m | [22m

[1m [22m                  [2m | [22m[1mInitial total[22m                    [2m | [22m[1m624.55 kB[22m

[1mLazy chunk files[22m   [2m | [22m[1mNames[22m                            [2m | [22m [1mRaw size[22m
[32mchunk-2TTC6SUU.js[39m  [2m | [22m[2mlanding-component[22m                [2m | [22m[36m114.00 kB[39m[2m | [22m
[32mchunk-MMIO56FA.js[39m  [2m | [22m[2mapplicant-dashboard-component[22m    [2m | [22m[36m110.84 kB[39m[2m | [22m
[32mchunk-3NJCU5SF.js[39m  [2m | [22m[2mpre-admission-register-component[22m [2m | [22m[36m105.75 kB[39m[2m | [22m
[32mchunk-AFOWTI7A.js[39m  [2m | [22m[2madmin-management-component[22m       [2m | [22m[36m105.75 kB[39m[2m | [22m
[32mchunk-PIQMAH7U.js[39m  [2m | [22m[2mstudent-dashboard-component[22m      [2m | [22m [36m90.33 kB[39m[2m | [22m
[32mchunk-EGOYXATL.js[39m  [2m | [22m[2mdashboard-component[22m              [2m | [22m [36m81.80 kB[39m[2m | [22m
[32mchunk-QQ5JZWKO.js[39m  [2m | [22m[2mseat-allocations-component[22m       [2m | [22m [36m76.50 kB[39m[2m | [22m
[32mchunk-CSK34N4B.js[39m  [2m | [22m[2msettings-component[22m               [2m | [22m [36m73.32 kB[39m[2m | [22m
[32mchunk-Y4FCHEMU.js[39m  [2m | [22m[2mclass-routine-component[22m          [2m | [22m [36m71.81 kB[39m[2m | [22m
[32mchunk-64O5E6HP.js[39m  [2m | [22m[2madmission-confirmations-component[22m[2m | [22m [36m65.04 kB[39m[2m | [22m
[32mchunk-HNZ23T4M.js[39m  [2m | [22m[2menrollment-component[22m             [2m | [22m [36m63.15 kB[39m[2m | [22m
[32mchunk-P7DXQF5L.js[39m  [2m | [22m[2mcalendar-event-component[22m         [2m | [22m [36m60.21 kB[39m[2m | [22m
[32mchunk-BBFX3FWK.js[39m  [2m | [22m[2mtests-component[22m                  [2m | [22m [36m59.19 kB[39m[2m | [22m
[32mchunk-YSSHDMKV.js[39m  [2m | [22m[2maccount-lock-rules-component[22m     [2m | [22m [36m56.50 kB[39m[2m | [22m
[32mchunk-24DZGBZ3.js[39m  [2m | [22m[2mresults-component[22m                [2m | [22m [36m56.11 kB[39m[2m | [22m
[2m...and 218 more lazy chunks files. Use "--verbose" to show all the files.[22m

Application bundle generation complete. [2.906 seconds] - 2026-08-17T19:32:00.630Z

Page reload sent to client(s).
[33m>[39m Changes detected. Rebuilding...
[32m√[39m Changes detected. Rebuilding...
Application bundle generation failed. [3.172 seconds] - 2026-08-17T19:32:13.839Z

[1m[31m[31mX [41;31m[[41;97mERROR[41;31m][0m [1mTS2339: Property 'registrationOptions' does not exist on type 'TestResultsComponent'.[0m [1m[35m[plugin angular-compiler][0m

    src/app/modules/admissions/test-results/test-results.component.ts:86:33:
[37m      86 │ ...              @for (opt of [32mregistrationOptions[37m; track opt.value) {
         ╵                               [32m~~~~~~~~~~~~~~~~~~~[0m

[39m[22m
[33m>[39m Changes detected. Rebuilding...
[32m√[39m Changes detected. Rebuilding...
[1mInitial chunk files[22m[2m | [22m[1mNames[22m                            [2m | [22m [1mRaw size[22m
[32mstyles.css[39m         [2m | [22m[2mstyles[22m                           [2m | [22m[36m383.78 kB[39m[2m | [22m
[32mmain.js[39m            [2m | [22m[2mmain[22m                             [2m | [22m[36m114.86 kB[39m[2m | [22m
[32mscripts.js[39m         [2m | [22m[2mscripts[22m                          [2m | [22m[36m107.73 kB[39m[2m | [22m
[32mchunk-JFCCKOKU.js[39m  [2m | [22m[2m-[22m                                [2m | [22m  [36m8.14 kB[39m[2m | [22m
[32mchunk-OQ2D7XFQ.js[39m  [2m | [22m[2m-[22m                                [2m | [22m  [36m4.02 kB[39m[2m | [22m
[32mchunk-YRQ44UL6.js[39m  [2m | [22m[2m-[22m                                [2m | [22m  [36m2.32 kB[39m[2m | [22m
[32mchunk-UYKXC6FV.js[39m  [2m | [22m[2m-[22m                                [2m | [22m  [36m1.90 kB[39m[2m | [22m
[32mchunk-653SOEEV.js[39m  [2m | [22m[2m-[22m                                [2m | [22m  [36m1.51 kB[39m[2m | [22m
[32mchunk-B4F2FIQP.js[39m  [2m | [22m[2m-[22m                                [2m | [22m[36m187 bytes[39m[2m | [22m
[32mpolyfills.js[39m       [2m | [22m[2mpolyfills[22m                        [2m | [22m [36m95 bytes[39m[2m | [22m

[1m [22m                  [2m | [22m[1mInitial total[22m                    [2m | [22m[1m624.55 kB[22m

[1mLazy chunk files[22m   [2m | [22m[1mNames[22m                            [2m | [22m [1mRaw size[22m
[32mchunk-2TTC6SUU.js[39m  [2m | [22m[2mlanding-component[22m                [2m | [22m[36m114.00 kB[39m[2m | [22m
[32mchunk-MMIO56FA.js[39m  [2m | [22m[2mapplicant-dashboard-component[22m    [2m | [22m[36m110.84 kB[39m[2m | [22m
[32mchunk-3NJCU5SF.js[39m  [2m | [22m[2mpre-admission-register-component[22m [2m | [22m[36m105.75 kB[39m[2m | [22m
[32mchunk-AFOWTI7A.js[39m  [2m | [22m[2madmin-management-component[22m       [2m | [22m[36m105.75 kB[39m[2m | [22m
[32mchunk-PIQMAH7U.js[39m  [2m | [22m[2mstudent-dashboard-component[22m      [2m | [22m [36m90.33 kB[39m[2m | [22m
[32mchunk-EGOYXATL.js[39m  [2m | [22m[2mdashboard-component[22m              [2m | [22m [36m81.80 kB[39m[2m | [22m
[32mchunk-QQ5JZWKO.js[39m  [2m | [22m[2mseat-allocations-component[22m       [2m | [22m [36m76.50 kB[39m[2m | [22m
[32mchunk-CSK34N4B.js[39m  [2m | [22m[2msettings-component[22m               [2m | [22m [36m73.32 kB[39m[2m | [22m
[32mchunk-Y4FCHEMU.js[39m  [2m | [22m[2mclass-routine-component[22m          [2m | [22m [36m71.81 kB[39m[2m | [22m
[32mchunk-64O5E6HP.js[39m  [2m | [22m[2madmission-confirmations-component[22m[2m | [22m [36m65.04 kB[39m[2m | [22m
[32mchunk-HNZ23T4M.js[39m  [2m | [22m[2menrollment-component[22m             [2m | [22m [36m63.15 kB[39m[2m | [22m
[32mchunk-P7DXQF5L.js[39m  [2m | [22m[2mcalendar-event-component[22m         [2m | [22m [36m60.21 kB[39m[2m | [22m
[32mchunk-BBFX3FWK.js[39m  [2m | [22m[2mtests-component[22m                  [2m | [22m [36m59.19 kB[39m[2m | [22m
[32mchunk-YSSHDMKV.js[39m  [2m | [22m[2maccount-lock-rules-component[22m     [2m | [22m [36m56.50 kB[39m[2m | [22m
[32mchunk-24DZGBZ3.js[39m  [2m | [22m[2mresults-component[22m                [2m | [22m [36m56.11 kB[39m[2m | [22m
[2m...and 218 more lazy chunks files. Use "--verbose" to show all the files.[22m

Application bundle generation complete. [2.294 seconds] - 2026-08-17T19:32:20.698Z

Page reload sent to client(s).
[33m>[39m Changes detected. Rebuilding...
[32m√[39m Changes detected. Rebuilding...
Application bundle generation failed. [4.186 seconds] - 2026-08-17T19:32:36.420Z

[1m[31m[31mX [41;31m[[41;97mERROR[41;31m][0m [1mTS2339: Property 'studentOptions' does not exist on type 'CourseSelectionComponent'.[0m [1m[35m[plugin angular-compiler][0m

    src/app/modules/registration/course-selection/course-selection.component.ts:28:23:
[37m      28 │             @for (s of [32mstudentOptions[37m; track s.value) {
         ╵                        [32m~~~~~~~~~~~~~~[0m

[39m[22m
[33m>[39m Changes detected. Rebuilding...
[32m√[39m Changes detected. Rebuilding...
Application bundle generation failed. [3.162 seconds] - 2026-08-17T19:32:43.823Z

[1m[31m[31mX [41;31m[[41;97mERROR[41;31m][0m [1mTS2339: Property 'studentOptions' does not exist on type 'CourseSelectionComponent'.[0m [1m[35m[plugin angular-compiler][0m

    src/app/modules/registration/course-selection/course-selection.component.ts:29:23:
[37m      29 │             @for (s of [32mstudentOptions[37m; track s.value) {
         ╵                        [32m~~~~~~~~~~~~~~[0m

[39m[22m
[33m>[39m Changes detected. Rebuilding...
[32m√[39m Changes detected. Rebuilding...
Application bundle generation failed. [2.228 seconds] - 2026-08-17T19:32:52.318Z

[1m[31m[31mX [41;31m[[41;97mERROR[41;31m][0m [1mTS2551: Property 'semesters' does not exist on type 'CourseSelectionComponent'. Did you mean 'semesterId'?[0m [1m[35m[plugin angular-compiler][0m

    src/app/modules/registration/course-selection/course-selection.component.ts:38:25:
[37m      38 │             @for (sem of [32msemesters[37m; track sem.id) {
         ╵                          [32m~~~~~~~~~[0m


[31mX [41;31m[[41;97mERROR[41;31m][0m [1mTS2551: Property 'semesters' does not exist on type 'CourseSelectionComponent'. Did you mean 'semesterId'?[0m [1m[35m[plugin angular-compiler][0m

    src/app/modules/registration/course-selection/course-selection.component.ts:188:29:
[37m      188 │       next: (data) => { this.[32msemesters[37m = data.content || []; },
          ╵                              [32m~~~~~~~~~[0m

  'semesterId' is declared here.

    src/app/modules/registration/course-selection/course-selection.component.ts:174:2:
[37m      174 │   [32msemesterId[37m: number | null = null;
          ╵   [32m~~~~~~~~~~[0m


[31mX [41;31m[[41;97mERROR[41;31m][0m [1mTS2339: Property 'loading' does not exist on type 'CourseSelectionComponent'.[0m [1m[35m[plugin angular-compiler][0m

    src/app/modules/registration/course-selection/course-selection.component.ts:195:9:
[37m      195 │     this.[32mloading[37m = true;
          ╵          [32m~~~~~~~[0m


[31mX [41;31m[[41;97mERROR[41;31m][0m [1mTS2339: Property 'loading' does not exist on type 'CourseSelectionComponent'.[0m [1m[35m[plugin angular-compiler][0m

    src/app/modules/registration/course-selection/course-selection.component.ts:197:50:
[37m      197 │ ...  next: (data) => { this.summary = data; this.[32mloading[37m = false; },
          ╵                                                  [32m~~~~~~~[0m


[31mX [41;31m[[41;97mERROR[41;31m][0m [1mTS2339: Property 'loading' does not exist on type 'CourseSelectionComponent'.[0m [1m[35m[plugin angular-compiler][0m

    src/app/modules/registration/course-selection/course-selection.component.ts:198:26:
[37m      198 │       error: () => { this.[32mloading[37m = false; this.toastService.erro...
          ╵                           [32m~~~~~~~[0m

[39m[22m
[33m>[39m Changes detected. Rebuilding...
[32m√[39m Changes detected. Rebuilding...
[1mInitial chunk files[22m[2m | [22m[1mNames[22m                            [2m | [22m [1mRaw size[22m
[32mstyles.css[39m         [2m | [22m[2mstyles[22m                           [2m | [22m[36m383.78 kB[39m[2m | [22m
[32mmain.js[39m            [2m | [22m[2mmain[22m                             [2m | [22m[36m114.86 kB[39m[2m | [22m
[32mscripts.js[39m         [2m | [22m[2mscripts[22m                          [2m | [22m[36m107.73 kB[39m[2m | [22m
[32mchunk-JFCCKOKU.js[39m  [2m | [22m[2m-[22m                                [2m | [22m  [36m8.14 kB[39m[2m | [22m
[32mchunk-OQ2D7XFQ.js[39m  [2m | [22m[2m-[22m                                [2m | [22m  [36m4.02 kB[39m[2m | [22m
[32mchunk-YRQ44UL6.js[39m  [2m | [22m[2m-[22m                                [2m | [22m  [36m2.32 kB[39m[2m | [22m
[32mchunk-UYKXC6FV.js[39m  [2m | [22m[2m-[22m                                [2m | [22m  [36m1.90 kB[39m[2m | [22m
[32mchunk-653SOEEV.js[39m  [2m | [22m[2m-[22m                                [2m | [22m  [36m1.51 kB[39m[2m | [22m
[32mchunk-B4F2FIQP.js[39m  [2m | [22m[2m-[22m                                [2m | [22m[36m187 bytes[39m[2m | [22m
[32mpolyfills.js[39m       [2m | [22m[2mpolyfills[22m                        [2m | [22m [36m95 bytes[39m[2m | [22m

[1m [22m                  [2m | [22m[1mInitial total[22m                    [2m | [22m[1m624.55 kB[22m

[1mLazy chunk files[22m   [2m | [22m[1mNames[22m                            [2m | [22m [1mRaw size[22m
[32mchunk-2TTC6SUU.js[39m  [2m | [22m[2mlanding-component[22m                [2m | [22m[36m114.00 kB[39m[2m | [22m
[32mchunk-MMIO56FA.js[39m  [2m | [22m[2mapplicant-dashboard-component[22m    [2m | [22m[36m110.84 kB[39m[2m | [22m
[32mchunk-3NJCU5SF.js[39m  [2m | [22m[2mpre-admission-register-component[22m [2m | [22m[36m105.75 kB[39m[2m | [22m
[32mchunk-AFOWTI7A.js[39m  [2m | [22m[2madmin-management-component[22m       [2m | [22m[36m105.75 kB[39m[2m | [22m
[32mchunk-PIQMAH7U.js[39m  [2m | [22m[2mstudent-dashboard-component[22m      [2m | [22m [36m90.33 kB[39m[2m | [22m
[32mchunk-EGOYXATL.js[39m  [2m | [22m[2mdashboard-component[22m              [2m | [22m [36m81.80 kB[39m[2m | [22m
[32mchunk-QQ5JZWKO.js[39m  [2m | [22m[2mseat-allocations-component[22m       [2m | [22m [36m76.50 kB[39m[2m | [22m
[32mchunk-CSK34N4B.js[39m  [2m | [22m[2msettings-component[22m               [2m | [22m [36m73.32 kB[39m[2m | [22m
[32mchunk-Y4FCHEMU.js[39m  [2m | [22m[2mclass-routine-component[22m          [2m | [22m [36m71.81 kB[39m[2m | [22m
[32mchunk-64O5E6HP.js[39m  [2m | [22m[2madmission-confirmations-component[22m[2m | [22m [36m65.04 kB[39m[2m | [22m
[32mchunk-HNZ23T4M.js[39m  [2m | [22m[2menrollment-component[22m             [2m | [22m [36m63.15 kB[39m[2m | [22m
[32mchunk-P7DXQF5L.js[39m  [2m | [22m[2mcalendar-event-component[22m         [2m | [22m [36m60.21 kB[39m[2m | [22m
[32mchunk-BBFX3FWK.js[39m  [2m | [22m[2mtests-component[22m                  [2m | [22m [36m59.19 kB[39m[2m | [22m
[32mchunk-YSSHDMKV.js[39m  [2m | [22m[2maccount-lock-rules-component[22m     [2m | [22m [36m56.50 kB[39m[2m | [22m
[32mchunk-24DZGBZ3.js[39m  [2m | [22m[2mresults-component[22m                [2m | [22m [36m56.11 kB[39m[2m | [22m
[2m...and 218 more lazy chunks files. Use "--verbose" to show all the files.[22m

Application bundle generation complete. [2.583 seconds] - 2026-08-17T19:33:00.515Z

Page reload sent to client(s).
[33m>[39m Changes detected. Rebuilding...
[32m√[39m Changes detected. Rebuilding...
[1mInitial chunk files[22m[2m | [22m[1mNames[22m                             [2m | [22m [1mRaw size[22m
[32mmain.js[39m            [2m | [22m[2mmain[22m                              [2m | [22m[36m114.86 kB[39m[2m | [22m

[1mLazy chunk files[22m   [2m | [22m[1mNames[22m                             [2m | [22m [1mRaw size[22m
[32mchunk-PCMM5XX2.js[39m  [2m | [22m[2mapplicant-dashboard-component[22m     [2m | [22m[36m110.84 kB[39m[2m | [22m
[32mchunk-DP2Q5WIS.js[39m  [2m | [22m[2mpre-admission-register-component[22m  [2m | [22m[36m105.75 kB[39m[2m | [22m
[32mchunk-2AMALHXN.js[39m  [2m | [22m[2madmin-management-component[22m        [2m | [22m[36m105.75 kB[39m[2m | [22m
[32mchunk-NTG7FDRK.js[39m  [2m | [22m[2mdashboard-component[22m               [2m | [22m [36m81.80 kB[39m[2m | [22m
[32mchunk-RL5ZPKQY.js[39m  [2m | [22m[2mseat-allocations-component[22m        [2m | [22m [36m76.50 kB[39m[2m | [22m
[32mchunk-PTSNBG2J.js[39m  [2m | [22m[2madmission-confirmations-component[22m [2m | [22m [36m65.04 kB[39m[2m | [22m
[32mchunk-JF33A2J2.js[39m  [2m | [22m[2menrollment-component[22m              [2m | [22m [36m63.15 kB[39m[2m | [22m
[32mchunk-CHYKEGNA.js[39m  [2m | [22m[2mtests-component[22m                   [2m | [22m [36m59.19 kB[39m[2m | [22m
[32mchunk-D6NLASFK.js[39m  [2m | [22m[2maccount-lock-rules-component[22m      [2m | [22m [36m56.50 kB[39m[2m | [22m
[32mchunk-4MUOSX5U.js[39m  [2m | [22m[2mtest-results-component[22m            [2m | [22m [36m55.65 kB[39m[2m | [22m
[32mchunk-D5JCQOGF.js[39m  [2m | [22m[2mapplicant-choice-filling-component[22m[2m | [22m [36m54.92 kB[39m[2m | [22m
[32mchunk-YWRP42RX.js[39m  [2m | [22m[2mpublic-results-component[22m          [2m | [22m [36m53.60 kB[39m[2m | [22m
[32mchunk-BZ64DKSY.js[39m  [2m | [22m[2mapplicant-confirmation-component[22m  [2m | [22m [36m52.00 kB[39m[2m | [22m
[32mchunk-7ZP5Q66F.js[39m  [2m | [22m[2m-[22m                                 [2m | [22m [36m51.83 kB[39m[2m | [22m
[32mchunk-7UEIRXEK.js[39m  [2m | [22m[2mdashboard-component[22m               [2m | [22m [36m51.32 kB[39m[2m | [22m
[2m...and 174 more lazy chunks files. Use "--verbose" to show all the files.[22m

Application bundle generation complete. [14.124 seconds] - 2026-08-17T19:46:03.256Z

Page reload sent to client(s).
[33m>[39m Changes detected. Rebuilding...
[32m√[39m Changes detected. Rebuilding...
Application bundle generation failed. [3.926 seconds] - 2026-08-17T19:46:49.893Z

[1m[31m[31mX [41;31m[[41;97mERROR[41;31m][0m [1mTS2304: Cannot find name 'normalizePagedResponse'.[0m [1m[35m[plugin angular-compiler][0m

    src/app/modules/academic/courses/courses.component.ts:154:27:
[37m      154 │         const normalized = [32mnormalizePagedResponse[37m<any>(data);
          ╵                            [32m~~~~~~~~~~~~~~~~~~~~~~[0m

[39m[22m
[33m>[39m Changes detected. Rebuilding...
[32m√[39m Changes detected. Rebuilding...
[1mInitial chunk files[22m[2m | [22m[1mNames[22m                            [2m | [22m [1mRaw size[22m
[32mstyles.css[39m         [2m | [22m[2mstyles[22m                           [2m | [22m[36m383.78 kB[39m[2m | [22m
[32mmain.js[39m            [2m | [22m[2mmain[22m                             [2m | [22m[36m114.86 kB[39m[2m | [22m
[32mscripts.js[39m         [2m | [22m[2mscripts[22m                          [2m | [22m[36m107.73 kB[39m[2m | [22m
[32mchunk-JFCCKOKU.js[39m  [2m | [22m[2m-[22m                                [2m | [22m  [36m8.14 kB[39m[2m | [22m
[32mchunk-OQ2D7XFQ.js[39m  [2m | [22m[2m-[22m                                [2m | [22m  [36m4.02 kB[39m[2m | [22m
[32mchunk-YRQ44UL6.js[39m  [2m | [22m[2m-[22m                                [2m | [22m  [36m2.32 kB[39m[2m | [22m
[32mchunk-UYKXC6FV.js[39m  [2m | [22m[2m-[22m                                [2m | [22m  [36m1.90 kB[39m[2m | [22m
[32mchunk-653SOEEV.js[39m  [2m | [22m[2m-[22m                                [2m | [22m  [36m1.51 kB[39m[2m | [22m
[32mchunk-B4F2FIQP.js[39m  [2m | [22m[2m-[22m                                [2m | [22m[36m187 bytes[39m[2m | [22m
[32mpolyfills.js[39m       [2m | [22m[2mpolyfills[22m                        [2m | [22m [36m95 bytes[39m[2m | [22m

[1m [22m                  [2m | [22m[1mInitial total[22m                    [2m | [22m[1m624.55 kB[22m

[1mLazy chunk files[22m   [2m | [22m[1mNames[22m                            [2m | [22m [1mRaw size[22m
[32mchunk-2TTC6SUU.js[39m  [2m | [22m[2mlanding-component[22m                [2m | [22m[36m114.00 kB[39m[2m | [22m
[32mchunk-D5KJHZL3.js[39m  [2m | [22m[2mapplicant-dashboard-component[22m    [2m | [22m[36m110.84 kB[39m[2m | [22m
[32mchunk-67AVVOPM.js[39m  [2m | [22m[2mpre-admission-register-component[22m [2m | [22m[36m105.75 kB[39m[2m | [22m
[32mchunk-IXZGJOQ2.js[39m  [2m | [22m[2madmin-management-component[22m       [2m | [22m[36m105.75 kB[39m[2m | [22m
[32mchunk-PIQMAH7U.js[39m  [2m | [22m[2mstudent-dashboard-component[22m      [2m | [22m [36m90.33 kB[39m[2m | [22m
[32mchunk-NEJLRRF5.js[39m  [2m | [22m[2mdashboard-component[22m              [2m | [22m [36m81.80 kB[39m[2m | [22m
[32mchunk-PVC5ILZE.js[39m  [2m | [22m[2mseat-allocations-component[22m       [2m | [22m [36m76.50 kB[39m[2m | [22m
[32mchunk-CSK34N4B.js[39m  [2m | [22m[2msettings-component[22m               [2m | [22m [36m73.32 kB[39m[2m | [22m
[32mchunk-Y4FCHEMU.js[39m  [2m | [22m[2mclass-routine-component[22m          [2m | [22m [36m71.81 kB[39m[2m | [22m
[32mchunk-VHQV2FIC.js[39m  [2m | [22m[2madmission-confirmations-component[22m[2m | [22m [36m65.04 kB[39m[2m | [22m
[32mchunk-EDSZ32LA.js[39m  [2m | [22m[2menrollment-component[22m             [2m | [22m [36m63.15 kB[39m[2m | [22m
[32mchunk-P7DXQF5L.js[39m  [2m | [22m[2mcalendar-event-component[22m         [2m | [22m [36m60.21 kB[39m[2m | [22m
[32mchunk-ZXB67TNS.js[39m  [2m | [22m[2mtests-component[22m                  [2m | [22m [36m59.19 kB[39m[2m | [22m
[32mchunk-5PWFWVDO.js[39m  [2m | [22m[2maccount-lock-rules-component[22m     [2m | [22m [36m56.50 kB[39m[2m | [22m
[32mchunk-24DZGBZ3.js[39m  [2m | [22m[2mresults-component[22m                [2m | [22m [36m56.11 kB[39m[2m | [22m
[2m...and 218 more lazy chunks files. Use "--verbose" to show all the files.[22m

Application bundle generation complete. [6.264 seconds] - 2026-08-17T19:46:58.876Z

Page reload sent to client(s).
[33m>[39m Changes detected. Rebuilding...
[32m√[39m Changes detected. Rebuilding...
[1mInitial chunk files[22m[2m | [22m[1mNames[22m            [2m | [22m [1mRaw size[22m
[32mmain.js[39m            [2m | [22m[2mmain[22m             [2m | [22m[36m114.86 kB[39m[2m | [22m

[1mLazy chunk files[22m   [2m | [22m[1mNames[22m            [2m | [22m [1mRaw size[22m
[32mchunk-CI5Y5CBA.js[39m  [2m | [22m[2mcourses-component[22m[2m | [22m [36m20.87 kB[39m[2m | [22m

Application bundle generation complete. [4.677 seconds] - 2026-08-17T19:47:05.462Z

Page reload sent to client(s).
[33m>[39m Changes detected. Rebuilding...
[32m√[39m Changes detected. Rebuilding...
[1mInitial chunk files[22m[2m | [22m[1mNames[22m                             [2m | [22m [1mRaw size[22m
[32mmain.js[39m            [2m | [22m[2mmain[22m                              [2m | [22m[36m114.86 kB[39m[2m | [22m

[1mLazy chunk files[22m   [2m | [22m[1mNames[22m                             [2m | [22m [1mRaw size[22m
[32mchunk-HUO5LNXI.js[39m  [2m | [22m[2mapplicant-dashboard-component[22m     [2m | [22m[36m110.84 kB[39m[2m | [22m
[32mchunk-J5I44ZHA.js[39m  [2m | [22m[2mpre-admission-register-component[22m  [2m | [22m[36m105.75 kB[39m[2m | [22m
[32mchunk-HACABX4E.js[39m  [2m | [22m[2madmin-management-component[22m        [2m | [22m[36m105.75 kB[39m[2m | [22m
[32mchunk-HYEF6FPL.js[39m  [2m | [22m[2mdashboard-component[22m               [2m | [22m [36m81.80 kB[39m[2m | [22m
[32mchunk-M5TZSGT4.js[39m  [2m | [22m[2mseat-allocations-component[22m        [2m | [22m [36m76.50 kB[39m[2m | [22m
[32mchunk-CWMB5TDH.js[39m  [2m | [22m[2madmission-confirmations-component[22m [2m | [22m [36m65.04 kB[39m[2m | [22m
[32mchunk-UDIZX6UB.js[39m  [2m | [22m[2menrollment-component[22m              [2m | [22m [36m63.15 kB[39m[2m | [22m
[32mchunk-LRESY3U5.js[39m  [2m | [22m[2mtests-component[22m                   [2m | [22m [36m59.19 kB[39m[2m | [22m
[32mchunk-Y7BP7MZB.js[39m  [2m | [22m[2maccount-lock-rules-component[22m      [2m | [22m [36m56.50 kB[39m[2m | [22m
[32mchunk-ZJ42STNY.js[39m  [2m | [22m[2mtest-results-component[22m            [2m | [22m [36m55.82 kB[39m[2m | [22m
[32mchunk-HJQP5LYP.js[39m  [2m | [22m[2mapplicant-choice-filling-component[22m[2m | [22m [36m54.92 kB[39m[2m | [22m
[32mchunk-HZSZVSJL.js[39m  [2m | [22m[2mpublic-results-component[22m          [2m | [22m [36m53.60 kB[39m[2m | [22m
[32mchunk-QCS5VLFV.js[39m  [2m | [22m[2mapplicant-confirmation-component[22m  [2m | [22m [36m52.00 kB[39m[2m | [22m
[32mchunk-RPDKEWX7.js[39m  [2m | [22m[2mdashboard-component[22m               [2m | [22m [36m51.32 kB[39m[2m | [22m
[32mchunk-O25DDGKQ.js[39m  [2m | [22m[2mconfig-component[22m                  [2m | [22m [36m50.80 kB[39m[2m | [22m
[2m...and 170 more lazy chunks files. Use "--verbose" to show all the files.[22m

Application bundle generation complete. [21.079 seconds] - 2026-08-17T19:47:38.295Z

Page reload sent to client(s).
[33m>[39m Changes detected. Rebuilding...
[32m√[39m Changes detected. Rebuilding...
[1mInitial chunk files[22m[2m | [22m[1mNames[22m                             [2m | [22m [1mRaw size[22m
[32mmain.js[39m            [2m | [22m[2mmain[22m                              [2m | [22m[36m114.86 kB[39m[2m | [22m

[1mLazy chunk files[22m   [2m | [22m[1mNames[22m                             [2m | [22m [1mRaw size[22m
[32mchunk-N7IHKJT4.js[39m  [2m | [22m[2madmin-management-component[22m        [2m | [22m[36m105.75 kB[39m[2m | [22m
[32mchunk-3RAJLZ6Z.js[39m  [2m | [22m[2mseat-allocations-component[22m        [2m | [22m [36m76.50 kB[39m[2m | [22m
[32mchunk-DTBJB7C3.js[39m  [2m | [22m[2mtests-component[22m                   [2m | [22m [36m59.19 kB[39m[2m | [22m
[32mchunk-EAX5VB67.js[39m  [2m | [22m[2mtest-results-component[22m            [2m | [22m [36m55.82 kB[39m[2m | [22m
[32mchunk-RN32VMYC.js[39m  [2m | [22m[2m-[22m                                 [2m | [22m [36m51.83 kB[39m[2m | [22m
[32mchunk-KWTIYJJC.js[39m  [2m | [22m[2minvoices-component[22m                [2m | [22m [36m50.51 kB[39m[2m | [22m
[32mchunk-IJQZI44S.js[39m  [2m | [22m[2mmerit-lists-component[22m             [2m | [22m [36m46.62 kB[39m[2m | [22m
[32mchunk-FGLHE7TX.js[39m  [2m | [22m[2mquestion-bank-component[22m           [2m | [22m [36m45.78 kB[39m[2m | [22m
[32mchunk-LB7EMAGO.js[39m  [2m | [22m[2mchoice-filling-config-component[22m   [2m | [22m [36m45.31 kB[39m[2m | [22m
[32mchunk-6JCSQ7UX.js[39m  [2m | [22m[2mworkflow-management-component[22m     [2m | [22m [36m42.75 kB[39m[2m | [22m
[32mchunk-QRUGP4R7.js[39m  [2m | [22m[2mseat-allocation-config-component[22m  [2m | [22m [36m42.17 kB[39m[2m | [22m
[32mchunk-U4FRZIXR.js[39m  [2m | [22m[2mroute-management-component[22m        [2m | [22m [36m40.94 kB[39m[2m | [22m
[32mchunk-ATE7Q6D3.js[39m  [2m | [22m[2mwaiting-lists-component[22m           [2m | [22m [36m40.47 kB[39m[2m | [22m
[32mchunk-DKNK5I6V.js[39m  [2m | [22m[2mallocations-component[22m             [2m | [22m [36m37.43 kB[39m[2m | [22m
[32mchunk-RRHEX4TW.js[39m  [2m | [22m[2meligibility-verification-component[22m[2m | [22m [36m36.90 kB[39m[2m | [22m
[2m...and 120 more lazy chunks files. Use "--verbose" to show all the files.[22m

Application bundle generation complete. [11.661 seconds] - 2026-08-17T19:57:11.153Z

Page reload sent to client(s).
[33m>[39m Changes detected. Rebuilding...
[32m√[39m Changes detected. Rebuilding...
[1mInitial chunk files[22m[2m | [22m[1mNames[22m                             [2m | [22m [1mRaw size[22m
[32mmain.js[39m            [2m | [22m[2mmain[22m                              [2m | [22m[36m114.86 kB[39m[2m | [22m

[1mLazy chunk files[22m   [2m | [22m[1mNames[22m                             [2m | [22m [1mRaw size[22m
[32mchunk-HTQ5GAHW.js[39m  [2m | [22m[2madmin-management-component[22m        [2m | [22m[36m105.75 kB[39m[2m | [22m
[32mchunk-QKA3EOZP.js[39m  [2m | [22m[2mseat-allocations-component[22m        [2m | [22m [36m76.50 kB[39m[2m | [22m
[32mchunk-YN6LINZB.js[39m  [2m | [22m[2mtests-component[22m                   [2m | [22m [36m59.19 kB[39m[2m | [22m
[32mchunk-VIAJJFB2.js[39m  [2m | [22m[2mtest-results-component[22m            [2m | [22m [36m55.82 kB[39m[2m | [22m
[32mchunk-ZNUENIIC.js[39m  [2m | [22m[2m-[22m                                 [2m | [22m [36m51.83 kB[39m[2m | [22m
[32mchunk-TI74RRLI.js[39m  [2m | [22m[2minvoices-component[22m                [2m | [22m [36m50.51 kB[39m[2m | [22m
[32mchunk-UAWHCNS7.js[39m  [2m | [22m[2mmerit-lists-component[22m             [2m | [22m [36m46.62 kB[39m[2m | [22m
[32mchunk-YIYBWFEG.js[39m  [2m | [22m[2mquestion-bank-component[22m           [2m | [22m [36m45.78 kB[39m[2m | [22m
[32mchunk-BWTFDKO4.js[39m  [2m | [22m[2mchoice-filling-config-component[22m   [2m | [22m [36m45.31 kB[39m[2m | [22m
[32mchunk-FCYUTJKU.js[39m  [2m | [22m[2mworkflow-management-component[22m     [2m | [22m [36m42.75 kB[39m[2m | [22m
[32mchunk-ZCZHFU5Q.js[39m  [2m | [22m[2mseat-allocation-config-component[22m  [2m | [22m [36m42.17 kB[39m[2m | [22m
[32mchunk-GE3UEYDT.js[39m  [2m | [22m[2mroute-management-component[22m        [2m | [22m [36m40.94 kB[39m[2m | [22m
[32mchunk-KVEA3MDW.js[39m  [2m | [22m[2mwaiting-lists-component[22m           [2m | [22m [36m40.47 kB[39m[2m | [22m
[32mchunk-4R5RLVSG.js[39m  [2m | [22m[2mallocations-component[22m             [2m | [22m [36m37.43 kB[39m[2m | [22m
[32mchunk-CUEEPB3D.js[39m  [2m | [22m[2meligibility-verification-component[22m[2m | [22m [36m36.90 kB[39m[2m | [22m
[2m...and 120 more lazy chunks files. Use "--verbose" to show all the files.[22m

Application bundle generation complete. [3.772 seconds] - 2026-08-17T19:57:14.939Z

Page reload sent to client(s).
[33m>[39m Changes detected. Rebuilding...
[32m√[39m Changes detected. Rebuilding...
[1mInitial chunk files[22m[2m | [22m[1mNames[22m                [2m | [22m [1mRaw size[22m
[32mmain.js[39m            [2m | [22m[2mmain[22m                 [2m | [22m[36m114.86 kB[39m[2m | [22m

[1mLazy chunk files[22m   [2m | [22m[1mNames[22m                [2m | [22m [1mRaw size[22m
[32mchunk-4LI6GZRM.js[39m  [2m | [22m[2mallocations-component[22m[2m | [22m [36m21.98 kB[39m[2m | [22m

Application bundle generation complete. [4.247 seconds] - 2026-08-17T19:57:23.447Z

Page reload sent to client(s).
[33m>[39m Changes detected. Rebuilding...
[32m√[39m Changes detected. Rebuilding...
Application bundle generation failed. [3.119 seconds] - 2026-08-17T20:09:26.915Z

[1m[31m[31mX [41;31m[[41;97mERROR[41;31m][0m [1mTS2345: Argument of type '{ page: number; size: number; }' is not assignable to parameter of type 'PageParams'.
  Type '{ page: number; size: number; }' is missing the following properties from type 'PageParams': sortBy, sortDir[0m [1m[35m[plugin angular-compiler][0m

    src/app/modules/admissions/allocations/allocations.component.ts:457:57:
[37m      457 │ ...ice.findApplicantsWithResults([32m{ page: 0, size: 500 }[37m).subscribe({
          ╵                                  [32m~~~~~~~~~~~~~~~~~~~~~~[0m


[31mX [41;31m[[41;97mERROR[41;31m][0m [1mTS2345: Argument of type '{ registrationId: number | null; allocatedDepartmentId: number | null; allocatedProgramId: number | null; allocatedBatchId: number | null; meritRank: number | null; totalScore: number | null; status: any; remarks: any; }' is not assignable to parameter of type 'DepartmentAllocation'.
  Types of property 'meritRank' are incompatible.
    Type 'number | null' is not assignable to type 'number | undefined'.
      Type 'null' is not assignable to type 'number | undefined'.[0m [1m[35m[plugin angular-compiler][0m

    src/app/modules/admissions/allocations/allocations.component.ts:547:47:
[37m      547 │       this.service.update(this.editingItem.id, [32mpayload[37m).subscribe({
          ╵                                                [32m~~~~~~~[0m


[31mX [41;31m[[41;97mERROR[41;31m][0m [1mTS2345: Argument of type '{ registrationId: number | null; allocatedDepartmentId: number | null; allocatedProgramId: number | null; allocatedBatchId: number | null; meritRank: number | null; totalScore: number | null; status: any; remarks: any; }' is not assignable to parameter of type 'DepartmentAllocation'.
  Types of property 'meritRank' are incompatible.
    Type 'number | null' is not assignable to type 'number | undefined'.
      Type 'null' is not assignable to type 'number | undefined'.[0m [1m[35m[plugin angular-compiler][0m

    src/app/modules/admissions/allocations/allocations.component.ts:552:24:
[37m      552 │       this.service.save([32mpayload[37m).subscribe({
          ╵                         [32m~~~~~~~[0m

[39m[22m
[33m>[39m Changes detected. Rebuilding...
[32m√[39m Changes detected. Rebuilding...
[1mInitial chunk files[22m[2m | [22m[1mNames[22m                            [2m | [22m [1mRaw size[22m
[32mstyles.css[39m         [2m | [22m[2mstyles[22m                           [2m | [22m[36m383.78 kB[39m[2m | [22m
[32mmain.js[39m            [2m | [22m[2mmain[22m                             [2m | [22m[36m114.86 kB[39m[2m | [22m
[32mscripts.js[39m         [2m | [22m[2mscripts[22m                          [2m | [22m[36m107.73 kB[39m[2m | [22m
[32mchunk-JFCCKOKU.js[39m  [2m | [22m[2m-[22m                                [2m | [22m  [36m8.14 kB[39m[2m | [22m
[32mchunk-OQ2D7XFQ.js[39m  [2m | [22m[2m-[22m                                [2m | [22m  [36m4.02 kB[39m[2m | [22m
[32mchunk-YRQ44UL6.js[39m  [2m | [22m[2m-[22m                                [2m | [22m  [36m2.32 kB[39m[2m | [22m
[32mchunk-UYKXC6FV.js[39m  [2m | [22m[2m-[22m                                [2m | [22m  [36m1.90 kB[39m[2m | [22m
[32mchunk-653SOEEV.js[39m  [2m | [22m[2m-[22m                                [2m | [22m  [36m1.51 kB[39m[2m | [22m
[32mchunk-B4F2FIQP.js[39m  [2m | [22m[2m-[22m                                [2m | [22m[36m187 bytes[39m[2m | [22m
[32mpolyfills.js[39m       [2m | [22m[2mpolyfills[22m                        [2m | [22m [36m95 bytes[39m[2m | [22m

[1m [22m                  [2m | [22m[1mInitial total[22m                    [2m | [22m[1m624.55 kB[22m

[1mLazy chunk files[22m   [2m | [22m[1mNames[22m                            [2m | [22m [1mRaw size[22m
[32mchunk-2TTC6SUU.js[39m  [2m | [22m[2mlanding-component[22m                [2m | [22m[36m114.00 kB[39m[2m | [22m
[32mchunk-HUO5LNXI.js[39m  [2m | [22m[2mapplicant-dashboard-component[22m    [2m | [22m[36m110.84 kB[39m[2m | [22m
[32mchunk-J5I44ZHA.js[39m  [2m | [22m[2mpre-admission-register-component[22m [2m | [22m[36m105.75 kB[39m[2m | [22m
[32mchunk-HTQ5GAHW.js[39m  [2m | [22m[2madmin-management-component[22m       [2m | [22m[36m105.75 kB[39m[2m | [22m
[32mchunk-PIQMAH7U.js[39m  [2m | [22m[2mstudent-dashboard-component[22m      [2m | [22m [36m90.33 kB[39m[2m | [22m
[32mchunk-HYEF6FPL.js[39m  [2m | [22m[2mdashboard-component[22m              [2m | [22m [36m81.80 kB[39m[2m | [22m
[32mchunk-QKA3EOZP.js[39m  [2m | [22m[2mseat-allocations-component[22m       [2m | [22m [36m76.50 kB[39m[2m | [22m
[32mchunk-CSK34N4B.js[39m  [2m | [22m[2msettings-component[22m               [2m | [22m [36m73.32 kB[39m[2m | [22m
[32mchunk-Y4FCHEMU.js[39m  [2m | [22m[2mclass-routine-component[22m          [2m | [22m [36m71.81 kB[39m[2m | [22m
[32mchunk-CWMB5TDH.js[39m  [2m | [22m[2madmission-confirmations-component[22m[2m | [22m [36m65.04 kB[39m[2m | [22m
[32mchunk-UDIZX6UB.js[39m  [2m | [22m[2menrollment-component[22m             [2m | [22m [36m63.15 kB[39m[2m | [22m
[32mchunk-P7DXQF5L.js[39m  [2m | [22m[2mcalendar-event-component[22m         [2m | [22m [36m60.21 kB[39m[2m | [22m
[32mchunk-LGW6MHSA.js[39m  [2m | [22m[2mallocations-component[22m            [2m | [22m [36m59.67 kB[39m[2m | [22m
[32mchunk-YN6LINZB.js[39m  [2m | [22m[2mtests-component[22m                  [2m | [22m [36m59.19 kB[39m[2m | [22m
[32mchunk-Y7BP7MZB.js[39m  [2m | [22m[2maccount-lock-rules-component[22m     [2m | [22m [36m56.50 kB[39m[2m | [22m
[2m...and 219 more lazy chunks files. Use "--verbose" to show all the files.[22m

Application bundle generation complete. [2.648 seconds] - 2026-08-17T20:10:56.095Z

Page reload sent to client(s).
[33m>[39m Changes detected. Rebuilding...
[32m√[39m Changes detected. Rebuilding...
[1mInitial chunk files[22m[2m | [22m[1mNames[22m                [2m | [22m [1mRaw size[22m
[32mmain.js[39m            [2m | [22m[2mmain[22m                 [2m | [22m[36m114.86 kB[39m[2m | [22m

[1mLazy chunk files[22m   [2m | [22m[1mNames[22m                [2m | [22m [1mRaw size[22m
[32mchunk-ZM4CCE5J.js[39m  [2m | [22m[2mallocations-component[22m[2m | [22m [36m63.11 kB[39m[2m | [22m

Application bundle generation complete. [6.309 seconds] - 2026-08-17T20:25:12.243Z

Page reload sent to client(s).
[33m>[39m Changes detected. Rebuilding...
[32m√[39m Changes detected. Rebuilding...
[1mInitial chunk files[22m[2m | [22m[1mNames[22m                            [2m | [22m [1mRaw size[22m
[32mmain.js[39m            [2m | [22m[2mmain[22m                             [2m | [22m[36m114.86 kB[39m[2m | [22m

[1mLazy chunk files[22m   [2m | [22m[1mNames[22m                            [2m | [22m [1mRaw size[22m
[32mchunk-64L6IZFJ.js[39m  [2m | [22m[2madmission-confirmations-component[22m[2m | [22m [36m66.18 kB[39m[2m | [22m

Application bundle generation complete. [7.467 seconds] - 2026-08-17T20:29:54.072Z

Component update sent to client(s).
[33m>[39m Changes detected. Rebuilding...
[32m√[39m Changes detected. Rebuilding...
[1mInitial chunk files[22m[2m | [22m[1mNames[22m         [2m | [22m [1mRaw size[22m
[32mmain.js[39m            [2m | [22m[2mmain[22m          [2m | [22m[36m114.86 kB[39m[2m | [22m

[1mLazy chunk files[22m   [2m | [22m[1mNames[22m         [2m | [22m [1mRaw size[22m
[32mchunk-2BBVV3GL.js[39m  [2m | [22m[2mlist-component[22m[2m | [22m [36m18.66 kB[39m[2m | [22m

Application bundle generation complete. [9.402 seconds] - 2026-08-17T20:38:50.922Z

Page reload sent to client(s).
[33m>[39m Changes detected. Rebuilding...
[32m√[39m Changes detected. Rebuilding...
[1mInitial chunk files[22m[2m | [22m[1mNames[22m             [2m | [22m [1mRaw size[22m
[32mmain.js[39m            [2m | [22m[2mmain[22m              [2m | [22m[36m114.86 kB[39m[2m | [22m

[1mLazy chunk files[22m   [2m | [22m[1mNames[22m             [2m | [22m [1mRaw size[22m
[32mchunk-E2H6R3LV.js[39m  [2m | [22m[2mprofiles-component[22m[2m | [22m [36m19.86 kB[39m[2m | [22m

Application bundle generation complete. [3.654 seconds] - 2026-08-17T20:50:40.507Z

Page reload sent to client(s).
[33m>[39m Changes detected. Rebuilding...
[32m√[39m Changes detected. Rebuilding...
Application bundle generation failed. [5.520 seconds] - 2026-08-17T21:23:44.842Z

[1m[31m[31mX [41;31m[[41;97mERROR[41;31m][0m [1mTS2339: Property 'save' does not exist on type 'StudentAttendanceService'.[0m [1m[35m[plugin angular-compiler][0m

    src/app/modules/students/attendance/student-attendance.component.ts:213:19:
[37m      213 │       this.service.[32msave[37m(payload).subscribe({
          ╵                    [32m~~~~[0m

[39m[22m
[33m>[39m Changes detected. Rebuilding...
[32m√[39m Changes detected. Rebuilding...
[1mInitial chunk files[22m[2m | [22m[1mNames[22m                            [2m | [22m [1mRaw size[22m
[32mstyles.css[39m         [2m | [22m[2mstyles[22m                           [2m | [22m[36m383.78 kB[39m[2m | [22m
[32mmain.js[39m            [2m | [22m[2mmain[22m                             [2m | [22m[36m114.86 kB[39m[2m | [22m
[32mscripts.js[39m         [2m | [22m[2mscripts[22m                          [2m | [22m[36m107.73 kB[39m[2m | [22m
[32mchunk-JFCCKOKU.js[39m  [2m | [22m[2m-[22m                                [2m | [22m  [36m8.14 kB[39m[2m | [22m
[32mchunk-OQ2D7XFQ.js[39m  [2m | [22m[2m-[22m                                [2m | [22m  [36m4.02 kB[39m[2m | [22m
[32mchunk-YRQ44UL6.js[39m  [2m | [22m[2m-[22m                                [2m | [22m  [36m2.32 kB[39m[2m | [22m
[32mchunk-UYKXC6FV.js[39m  [2m | [22m[2m-[22m                                [2m | [22m  [36m1.90 kB[39m[2m | [22m
[32mchunk-653SOEEV.js[39m  [2m | [22m[2m-[22m                                [2m | [22m  [36m1.51 kB[39m[2m | [22m
[32mchunk-B4F2FIQP.js[39m  [2m | [22m[2m-[22m                                [2m | [22m[36m187 bytes[39m[2m | [22m
[32mpolyfills.js[39m       [2m | [22m[2mpolyfills[22m                        [2m | [22m [36m95 bytes[39m[2m | [22m

[1m [22m                  [2m | [22m[1mInitial total[22m                    [2m | [22m[1m624.55 kB[22m

[1mLazy chunk files[22m   [2m | [22m[1mNames[22m                            [2m | [22m [1mRaw size[22m
[32mchunk-2TTC6SUU.js[39m  [2m | [22m[2mlanding-component[22m                [2m | [22m[36m114.00 kB[39m[2m | [22m
[32mchunk-HUO5LNXI.js[39m  [2m | [22m[2mapplicant-dashboard-component[22m    [2m | [22m[36m110.84 kB[39m[2m | [22m
[32mchunk-J5I44ZHA.js[39m  [2m | [22m[2mpre-admission-register-component[22m [2m | [22m[36m105.75 kB[39m[2m | [22m
[32mchunk-HTQ5GAHW.js[39m  [2m | [22m[2madmin-management-component[22m       [2m | [22m[36m105.75 kB[39m[2m | [22m
[32mchunk-PIQMAH7U.js[39m  [2m | [22m[2mstudent-dashboard-component[22m      [2m | [22m [36m90.33 kB[39m[2m | [22m
[32mchunk-HYEF6FPL.js[39m  [2m | [22m[2mdashboard-component[22m              [2m | [22m [36m81.80 kB[39m[2m | [22m
[32mchunk-QKA3EOZP.js[39m  [2m | [22m[2mseat-allocations-component[22m       [2m | [22m [36m76.50 kB[39m[2m | [22m
[32mchunk-CSK34N4B.js[39m  [2m | [22m[2msettings-component[22m               [2m | [22m [36m73.32 kB[39m[2m | [22m
[32mchunk-Y4FCHEMU.js[39m  [2m | [22m[2mclass-routine-component[22m          [2m | [22m [36m71.81 kB[39m[2m | [22m
[32mchunk-64L6IZFJ.js[39m  [2m | [22m[2madmission-confirmations-component[22m[2m | [22m [36m66.18 kB[39m[2m | [22m
[32mchunk-UDIZX6UB.js[39m  [2m | [22m[2menrollment-component[22m             [2m | [22m [36m63.15 kB[39m[2m | [22m
[32mchunk-ZM4CCE5J.js[39m  [2m | [22m[2mallocations-component[22m            [2m | [22m [36m63.11 kB[39m[2m | [22m
[32mchunk-P7DXQF5L.js[39m  [2m | [22m[2mcalendar-event-component[22m         [2m | [22m [36m60.21 kB[39m[2m | [22m
[32mchunk-YN6LINZB.js[39m  [2m | [22m[2mtests-component[22m                  [2m | [22m [36m59.19 kB[39m[2m | [22m
[32mchunk-Y7BP7MZB.js[39m  [2m | [22m[2maccount-lock-rules-component[22m     [2m | [22m [36m56.50 kB[39m[2m | [22m
[2m...and 219 more lazy chunks files. Use "--verbose" to show all the files.[22m

Application bundle generation complete. [2.811 seconds] - 2026-08-17T21:27:27.201Z

Page reload sent to client(s).
[33m>[39m Changes detected. Rebuilding...
[32m√[39m Changes detected. Rebuilding...
[1mInitial chunk files[22m[2m | [22m[1mNames[22m                   [2m | [22m [1mRaw size[22m
[32mmain.js[39m            [2m | [22m[2mmain[22m                    [2m | [22m[36m114.86 kB[39m[2m | [22m

[1mLazy chunk files[22m   [2m | [22m[1mNames[22m                   [2m | [22m [1mRaw size[22m
[32mchunk-2Q4OE7XS.js[39m  [2m | [22m[2mstudent-result-component[22m[2m | [22m [36m20.26 kB[39m[2m | [22m

Application bundle generation complete. [7.104 seconds] - 2026-08-17T21:35:40.266Z

Page reload sent to client(s).
[33m>[39m Changes detected. Rebuilding...
[32m√[39m Changes detected. Rebuilding...
[1mInitial chunk files[22m[2m | [22m[1mNames[22m                  [2m | [22m [1mRaw size[22m
[32mmain.js[39m            [2m | [22m[2mmain[22m                   [2m | [22m[36m114.86 kB[39m[2m | [22m

[1mLazy chunk files[22m   [2m | [22m[1mNames[22m                  [2m | [22m [1mRaw size[22m
[32mchunk-FRLQPNIU.js[39m  [2m | [22m[2mteachers-list-component[22m[2m | [22m [36m19.11 kB[39m[2m | [22m

Application bundle generation complete. [6.665 seconds] - 2026-08-17T21:59:50.208Z

Page reload sent to client(s).
[33m>[39m Changes detected. Rebuilding...
[32m√[39m Changes detected. Rebuilding...
[1mInitial chunk files[22m[2m | [22m[1mNames[22m                        [2m | [22m [1mRaw size[22m
[32mmain.js[39m            [2m | [22m[2mmain[22m                         [2m | [22m[36m114.86 kB[39m[2m | [22m
[32mchunk-G4HWR26V.js[39m  [2m | [22m[2m-[22m                            [2m | [22m  [36m8.91 kB[39m[2m | [22m
[32mchunk-535WV33U.js[39m  [2m | [22m[2m-[22m                            [2m | [22m  [36m4.02 kB[39m[2m | [22m

[1mLazy chunk files[22m   [2m | [22m[1mNames[22m                        [2m | [22m [1mRaw size[22m
[32mchunk-KHLGSVQJ.js[39m  [2m | [22m[2mlanding-component[22m            [2m | [22m[36m114.00 kB[39m[2m | [22m
[32mchunk-ZD3FINEA.js[39m  [2m | [22m[2mapplicant-dashboard-component[22m[2m | [22m[36m110.84 kB[39m[2m | [22m
[32mchunk-YJ6POGXZ.js[39m  [2m | [22m[2mstudent-dashboard-component[22m  [2m | [22m [36m90.33 kB[39m[2m | [22m
[32mchunk-IDI5BENL.js[39m  [2m | [22m[2mdashboard-component[22m          [2m | [22m [36m81.80 kB[39m[2m | [22m
[32mchunk-OWO47VEX.js[39m  [2m | [22m[2msettings-component[22m           [2m | [22m [36m73.32 kB[39m[2m | [22m
[32mchunk-Z2WLEUDF.js[39m  [2m | [22m[2mlogin-component[22m              [2m | [22m [36m30.78 kB[39m[2m | [22m

Application bundle generation complete. [4.996 seconds] - 2026-08-17T22:09:50.465Z

Page reload sent to client(s).
[33m>[39m Changes detected. Rebuilding...
[32m√[39m Changes detected. Rebuilding...
[1mInitial chunk files[22m[2m | [22m[1mNames[22m[2m | [22m [1mRaw size[22m
[32mmain.js[39m            [2m | [22m[2mmain[22m [2m | [22m[36m115.42 kB[39m[2m | [22m

Application bundle generation complete. [3.974 seconds] - 2026-08-17T22:09:55.886Z

Page reload sent to client(s).
[33m>[39m Changes detected. Rebuilding...
[32m√[39m Changes detected. Rebuilding...

No output file changes.

Application bundle generation complete. [4.664 seconds] - 2026-08-17T22:10:01.848Z

[33m>[39m Changes detected. Rebuilding...
[32m√[39m Changes detected. Rebuilding...
[1mInitial chunk files[22m[2m | [22m[1mNames[22m                [2m | [22m [1mRaw size[22m
[32mmain.js[39m            [2m | [22m[2mmain[22m                 [2m | [22m[36m115.42 kB[39m[2m | [22m

[1mLazy chunk files[22m   [2m | [22m[1mNames[22m                [2m | [22m [1mRaw size[22m
[32mchunk-KOBI7OQJ.js[39m  [2m | [22m[2massignments-component[22m[2m | [22m [36m19.46 kB[39m[2m | [22m

Application bundle generation complete. [6.342 seconds] - 2026-08-17T22:38:09.328Z

Page reload sent to client(s).
[33m>[39m Changes detected. Rebuilding...
[32m√[39m Changes detected. Rebuilding...

No output file changes.

Application bundle generation complete. [0.009 seconds] - 2026-08-17T22:46:29.789Z

Page reload sent to client(s).
[33m>[39m Changes detected. Rebuilding...
[32m√[39m Changes detected. Rebuilding...
Application bundle generation failed. [4.288 seconds] - 2026-08-17T22:46:46.563Z

[1m[31m[31mX [41;31m[[41;97mERROR[41;31m][0m [1mTS2339: Property 'sanitizeSvg' does not exist on type 'DashboardComponent'.[0m [1m[35m[plugin angular-compiler][0m

    src/app/modules/dashboard/dashboard.component.ts:65:179:
[37m      65 │ ...troke-linejoin="round" [innerHTML]="[32msanitizeSvg[37m(stat.icon)"></svg>
         ╵                                        [32m~~~~~~~~~~~[0m

[39m[22m
[33m>[39m Changes detected. Rebuilding...
[32m√[39m Changes detected. Rebuilding...
Application bundle generation failed. [4.066 seconds] - 2026-08-17T22:46:54.977Z

[1m[31m[31mX [41;31m[[41;97mERROR[41;31m][0m [1mTS2339: Property 'sanitizeSvg' does not exist on type 'DashboardComponent'.[0m [1m[35m[plugin angular-compiler][0m

    src/app/modules/dashboard/dashboard.component.ts:65:179:
[37m      65 │ ...troke-linejoin="round" [innerHTML]="[32msanitizeSvg[37m(stat.icon)"></svg>
         ╵                                        [32m~~~~~~~~~~~[0m


[31mX [41;31m[[41;97mERROR[41;31m][0m [1mTS2339: Property 'sanitizeSvg' does not exist on type 'DashboardComponent'.[0m [1m[35m[plugin angular-compiler][0m

    src/app/modules/dashboard/dashboard.component.ts:94:181:
[37m      94 │ ...troke-linejoin="round" [innerHTML]="[32msanitizeSvg[37m(stat.icon)"></svg>
         ╵                                        [32m~~~~~~~~~~~[0m


[31mX [41;31m[[41;97mERROR[41;31m][0m [1mTS2339: Property 'sanitizeSvg' does not exist on type 'DashboardComponent'.[0m [1m[35m[plugin angular-compiler][0m

    src/app/modules/dashboard/dashboard.component.ts:151:179:
[37m      151 │ ...ke-linejoin="round" [innerHTML]="[32msanitizeSvg[37m(action.icon)"></svg>
          ╵                                     [32m~~~~~~~~~~~[0m

[39m[22m
[33m>[39m Changes detected. Rebuilding...
[32m√[39m Changes detected. Rebuilding...
Application bundle generation failed. [3.500 seconds] - 2026-08-17T22:47:01.413Z

[1m[31m[31mX [41;31m[[41;97mERROR[41;31m][0m [1mTS2339: Property 'sanitizeSvg' does not exist on type 'DashboardComponent'.[0m [1m[35m[plugin angular-compiler][0m

    src/app/modules/dashboard/dashboard.component.ts:66:179:
[37m      66 │ ...troke-linejoin="round" [innerHTML]="[32msanitizeSvg[37m(stat.icon)"></svg>
         ╵                                        [32m~~~~~~~~~~~[0m


[31mX [41;31m[[41;97mERROR[41;31m][0m [1mTS2339: Property 'sanitizeSvg' does not exist on type 'DashboardComponent'.[0m [1m[35m[plugin angular-compiler][0m

    src/app/modules/dashboard/dashboard.component.ts:95:181:
[37m      95 │ ...troke-linejoin="round" [innerHTML]="[32msanitizeSvg[37m(stat.icon)"></svg>
         ╵                                        [32m~~~~~~~~~~~[0m


[31mX [41;31m[[41;97mERROR[41;31m][0m [1mTS2339: Property 'sanitizeSvg' does not exist on type 'DashboardComponent'.[0m [1m[35m[plugin angular-compiler][0m

    src/app/modules/dashboard/dashboard.component.ts:152:179:
[37m      152 │ ...ke-linejoin="round" [innerHTML]="[32msanitizeSvg[37m(action.icon)"></svg>
          ╵                                     [32m~~~~~~~~~~~[0m

[39m[22m
[33m>[39m Changes detected. Rebuilding...
[32m√[39m Changes detected. Rebuilding...
[1mInitial chunk files[22m[2m | [22m[1mNames[22m                            [2m | [22m [1mRaw size[22m
[32mstyles.css[39m         [2m | [22m[2mstyles[22m                           [2m | [22m[36m383.78 kB[39m[2m | [22m
[32mmain.js[39m            [2m | [22m[2mmain[22m                             [2m | [22m[36m115.42 kB[39m[2m | [22m
[32mscripts.js[39m         [2m | [22m[2mscripts[22m                          [2m | [22m[36m107.73 kB[39m[2m | [22m
[32mchunk-G4HWR26V.js[39m  [2m | [22m[2m-[22m                                [2m | [22m  [36m8.91 kB[39m[2m | [22m
[32mchunk-535WV33U.js[39m  [2m | [22m[2m-[22m                                [2m | [22m  [36m4.02 kB[39m[2m | [22m
[32mchunk-YRQ44UL6.js[39m  [2m | [22m[2m-[22m                                [2m | [22m  [36m2.32 kB[39m[2m | [22m
[32mchunk-UYKXC6FV.js[39m  [2m | [22m[2m-[22m                                [2m | [22m  [36m1.90 kB[39m[2m | [22m
[32mchunk-653SOEEV.js[39m  [2m | [22m[2m-[22m                                [2m | [22m  [36m1.51 kB[39m[2m | [22m
[32mchunk-B4F2FIQP.js[39m  [2m | [22m[2m-[22m                                [2m | [22m[36m187 bytes[39m[2m | [22m
[32mpolyfills.js[39m       [2m | [22m[2mpolyfills[22m                        [2m | [22m [36m95 bytes[39m[2m | [22m

[1m [22m                  [2m | [22m[1mInitial total[22m                    [2m | [22m[1m625.87 kB[22m

[1mLazy chunk files[22m   [2m | [22m[1mNames[22m                            [2m | [22m [1mRaw size[22m
[32mchunk-KHLGSVQJ.js[39m  [2m | [22m[2mlanding-component[22m                [2m | [22m[36m114.00 kB[39m[2m | [22m
[32mchunk-ZD3FINEA.js[39m  [2m | [22m[2mapplicant-dashboard-component[22m    [2m | [22m[36m110.84 kB[39m[2m | [22m
[32mchunk-J5I44ZHA.js[39m  [2m | [22m[2mpre-admission-register-component[22m [2m | [22m[36m105.75 kB[39m[2m | [22m
[32mchunk-HTQ5GAHW.js[39m  [2m | [22m[2madmin-management-component[22m       [2m | [22m[36m105.75 kB[39m[2m | [22m
[32mchunk-YJ6POGXZ.js[39m  [2m | [22m[2mstudent-dashboard-component[22m      [2m | [22m [36m90.33 kB[39m[2m | [22m
[32mchunk-OEGWZMCV.js[39m  [2m | [22m[2mdashboard-component[22m              [2m | [22m [36m82.16 kB[39m[2m | [22m
[32mchunk-QKA3EOZP.js[39m  [2m | [22m[2mseat-allocations-component[22m       [2m | [22m [36m76.50 kB[39m[2m | [22m
[32mchunk-OWO47VEX.js[39m  [2m | [22m[2msettings-component[22m               [2m | [22m [36m73.32 kB[39m[2m | [22m
[32mchunk-Y4FCHEMU.js[39m  [2m | [22m[2mclass-routine-component[22m          [2m | [22m [36m71.81 kB[39m[2m | [22m
[32mchunk-64L6IZFJ.js[39m  [2m | [22m[2madmission-confirmations-component[22m[2m | [22m [36m66.18 kB[39m[2m | [22m
[32mchunk-UDIZX6UB.js[39m  [2m | [22m[2menrollment-component[22m             [2m | [22m [36m63.15 kB[39m[2m | [22m
[32mchunk-ZM4CCE5J.js[39m  [2m | [22m[2mallocations-component[22m            [2m | [22m [36m63.11 kB[39m[2m | [22m
[32mchunk-P7DXQF5L.js[39m  [2m | [22m[2mcalendar-event-component[22m         [2m | [22m [36m60.21 kB[39m[2m | [22m
[32mchunk-YN6LINZB.js[39m  [2m | [22m[2mtests-component[22m                  [2m | [22m [36m59.19 kB[39m[2m | [22m
[32mchunk-Y7BP7MZB.js[39m  [2m | [22m[2maccount-lock-rules-component[22m     [2m | [22m [36m56.50 kB[39m[2m | [22m
[2m...and 219 more lazy chunks files. Use "--verbose" to show all the files.[22m

Application bundle generation complete. [4.849 seconds] - 2026-08-17T22:47:07.597Z

Page reload sent to client(s).
[33m>[39m Changes detected. Rebuilding...
[32m√[39m Changes detected. Rebuilding...
[1mInitial chunk files[22m[2m | [22m[1mNames[22m                      [2m | [22m [1mRaw size[22m
[32mmain.js[39m            [2m | [22m[2mmain[22m                       [2m | [22m[36m115.42 kB[39m[2m | [22m

[1mLazy chunk files[22m   [2m | [22m[1mNames[22m                      [2m | [22m [1mRaw size[22m
[32mchunk-PXX2M7MJ.js[39m  [2m | [22m[2mstudent-dashboard-component[22m[2m | [22m [36m95.75 kB[39m[2m | [22m

Application bundle generation complete. [3.594 seconds] - 2026-08-17T22:47:22.757Z

Component update sent to client(s).
[33m>[39m Changes detected. Rebuilding...
[32m√[39m Changes detected. Rebuilding...
[1mInitial chunk files[22m[2m | [22m[1mNames[22m                      [2m | [22m [1mRaw size[22m
[32mmain.js[39m            [2m | [22m[2mmain[22m                       [2m | [22m[36m115.42 kB[39m[2m | [22m

[1mLazy chunk files[22m   [2m | [22m[1mNames[22m                      [2m | [22m [1mRaw size[22m
[32mchunk-7VMIVOAR.js[39m  [2m | [22m[2mstudent-dashboard-component[22m[2m | [22m [36m96.35 kB[39m[2m | [22m

Application bundle generation complete. [4.829 seconds] - 2026-08-17T22:47:36.492Z

Component update sent to client(s).
[33m>[39m Changes detected. Rebuilding...
[32m√[39m Changes detected. Rebuilding...
[1mInitial chunk files[22m[2m | [22m[1mNames[22m[2m | [22m [1mRaw size[22m
[32mmain.js[39m            [2m | [22m[2mmain[22m [2m | [22m[36m121.31 kB[39m[2m | [22m

Application bundle generation complete. [3.756 seconds] - 2026-08-17T22:48:02.927Z

Page reload sent to client(s).
[33m>[39m Changes detected. Rebuilding...
[32m√[39m Changes detected. Rebuilding...
[1mInitial chunk files[22m[2m | [22m[1mNames[22m[2m | [22m [1mRaw size[22m
[32mmain.js[39m            [2m | [22m[2mmain[22m [2m | [22m[36m121.97 kB[39m[2m | [22m

Application bundle generation complete. [3.267 seconds] - 2026-08-17T22:48:12.662Z

Component update sent to client(s).
[33m>[39m Changes detected. Rebuilding...
[32m√[39m Changes detected. Rebuilding...
[1mInitial chunk files[22m[2m | [22m[1mNames[22m[2m | [22m [1mRaw size[22m
[32mmain.js[39m            [2m | [22m[2mmain[22m [2m | [22m[36m122.17 kB[39m[2m | [22m

Application bundle generation complete. [5.472 seconds] - 2026-08-17T22:48:23.199Z

Component update sent to client(s).
[33m>[39m Changes detected. Rebuilding...
[32m√[39m Changes detected. Rebuilding...
[1mInitial chunk files[22m[2m | [22m[1mNames[22m                             [2m | [22m [1mRaw size[22m
[32mmain.js[39m            [2m | [22m[2mmain[22m                              [2m | [22m[36m122.17 kB[39m[2m | [22m

[1mLazy chunk files[22m   [2m | [22m[1mNames[22m                             [2m | [22m [1mRaw size[22m
[32mchunk-R4AHSHJJ.js[39m  [2m | [22m[2madmin-management-component[22m        [2m | [22m[36m105.75 kB[39m[2m | [22m
[32mchunk-2URPX233.js[39m  [2m | [22m[2mseat-allocations-component[22m        [2m | [22m [36m76.50 kB[39m[2m | [22m
[32mchunk-BTGFXPHJ.js[39m  [2m | [22m[2mallocations-component[22m             [2m | [22m [36m63.11 kB[39m[2m | [22m
[32mchunk-37ECLLAQ.js[39m  [2m | [22m[2mtests-component[22m                   [2m | [22m [36m59.19 kB[39m[2m | [22m
[32mchunk-WOFXEEXE.js[39m  [2m | [22m[2mtest-results-component[22m            [2m | [22m [36m53.01 kB[39m[2m | [22m
[32mchunk-EYJN4DDO.js[39m  [2m | [22m[2m-[22m                                 [2m | [22m [36m51.83 kB[39m[2m | [22m
[32mchunk-M2YCEQTL.js[39m  [2m | [22m[2minvoices-component[22m                [2m | [22m [36m50.51 kB[39m[2m | [22m
[32mchunk-DY3FVPVG.js[39m  [2m | [22m[2mmerit-lists-component[22m             [2m | [22m [36m46.62 kB[39m[2m | [22m
[32mchunk-7Q2JLUU2.js[39m  [2m | [22m[2mquestion-bank-component[22m           [2m | [22m [36m45.78 kB[39m[2m | [22m
[32mchunk-UT2CAXKK.js[39m  [2m | [22m[2mchoice-filling-config-component[22m   [2m | [22m [36m45.31 kB[39m[2m | [22m
[32mchunk-XHGZLP3I.js[39m  [2m | [22m[2mworkflow-management-component[22m     [2m | [22m [36m42.75 kB[39m[2m | [22m
[32mchunk-VG4FEI6G.js[39m  [2m | [22m[2mseat-allocation-config-component[22m  [2m | [22m [36m42.17 kB[39m[2m | [22m
[32mchunk-HKTB4WHQ.js[39m  [2m | [22m[2mroute-management-component[22m        [2m | [22m [36m40.94 kB[39m[2m | [22m
[32mchunk-ZR7NQKCL.js[39m  [2m | [22m[2mwaiting-lists-component[22m           [2m | [22m [36m40.47 kB[39m[2m | [22m
[32mchunk-TYBMQZ4I.js[39m  [2m | [22m[2meligibility-verification-component[22m[2m | [22m [36m36.90 kB[39m[2m | [22m
[2m...and 120 more lazy chunks files. Use "--verbose" to show all the files.[22m

Application bundle generation complete. [4.639 seconds] - 2026-08-17T22:55:48.339Z

Page reload sent to client(s).
[33m>[39m Changes detected. Rebuilding...
[32m√[39m Changes detected. Rebuilding...
[1mInitial chunk files[22m[2m | [22m[1mNames[22m          [2m | [22m [1mRaw size[22m
[32mmain.js[39m            [2m | [22m[2mmain[22m           [2m | [22m[36m122.17 kB[39m[2m | [22m

[1mLazy chunk files[22m   [2m | [22m[1mNames[22m          [2m | [22m [1mRaw size[22m
[32mchunk-DUKNV2ML.js[39m  [2m | [22m[2mexams-component[22m[2m | [22m [36m19.59 kB[39m[2m | [22m

Application bundle generation complete. [3.632 seconds] - 2026-08-17T22:56:00.779Z

Page reload sent to client(s).
[33m>[39m Changes detected. Rebuilding...
[32m√[39m Changes detected. Rebuilding...
[1mInitial chunk files[22m[2m | [22m[1mNames[22m            [2m | [22m [1mRaw size[22m
[32mmain.js[39m            [2m | [22m[2mmain[22m             [2m | [22m[36m122.17 kB[39m[2m | [22m

[1mLazy chunk files[22m   [2m | [22m[1mNames[22m            [2m | [22m [1mRaw size[22m
[32mchunk-VMGBTGDJ.js[39m  [2m | [22m[2mnotices-component[22m[2m | [22m [36m19.28 kB[39m[2m | [22m

Application bundle generation complete. [7.607 seconds] - 2026-08-17T23:08:05.397Z

Page reload sent to client(s).
[33m>[39m Changes detected. Rebuilding...
[32m√[39m Changes detected. Rebuilding...
[1mInitial chunk files[22m[2m | [22m[1mNames[22m              [2m | [22m [1mRaw size[22m
[32mmain.js[39m            [2m | [22m[2mmain[22m               [2m | [22m[36m122.17 kB[39m[2m | [22m

[1mLazy chunk files[22m   [2m | [22m[1mNames[22m              [2m | [22m [1mRaw size[22m
[32mchunk-3H2WAUHB.js[39m  [2m | [22m[2memployees-component[22m[2m | [22m [36m17.02 kB[39m[2m | [22m

Application bundle generation complete. [6.683 seconds] - 2026-08-17T23:08:45.724Z

Page reload sent to client(s).
[33m>[39m Changes detected. Rebuilding...
[32m√[39m Changes detected. Rebuilding...
[1mInitial chunk files[22m[2m | [22m[1mNames[22m          [2m | [22m [1mRaw size[22m
[32mmain.js[39m            [2m | [22m[2mmain[22m           [2m | [22m[36m122.17 kB[39m[2m | [22m

[1mLazy chunk files[22m   [2m | [22m[1mNames[22m          [2m | [22m [1mRaw size[22m
[32mchunk-ORPWCH52.js[39m  [2m | [22m[2mbooks-component[22m[2m | [22m [36m17.91 kB[39m[2m | [22m

Application bundle generation complete. [2.964 seconds] - 2026-08-17T23:09:03.632Z

Page reload sent to client(s).
[33m>[39m Changes detected. Rebuilding...
[32m√[39m Changes detected. Rebuilding...
[1mInitial chunk files[22m[2m | [22m[1mNames[22m             [2m | [22m [1mRaw size[22m
[32mmain.js[39m            [2m | [22m[2mmain[22m              [2m | [22m[36m122.17 kB[39m[2m | [22m

[1mLazy chunk files[22m   [2m | [22m[1mNames[22m             [2m | [22m [1mRaw size[22m
[32mchunk-VYSTPEC2.js[39m  [2m | [22m[2mprograms-component[22m[2m | [22m [36m16.65 kB[39m[2m | [22m

Application bundle generation complete. [3.567 seconds] - 2026-08-17T23:09:22.177Z

Page reload sent to client(s).
[33m>[39m Changes detected. Rebuilding...
[32m√[39m Changes detected. Rebuilding...
[1mInitial chunk files[22m[2m | [22m[1mNames[22m                [2m | [22m [1mRaw size[22m
[32mmain.js[39m            [2m | [22m[2mmain[22m                 [2m | [22m[36m122.17 kB[39m[2m | [22m

[1mLazy chunk files[22m   [2m | [22m[1mNames[22m                [2m | [22m [1mRaw size[22m
[32mchunk-QHQAJIIE.js[39m  [2m | [22m[2mdepartments-component[22m[2m | [22m [36m16.29 kB[39m[2m | [22m

Application bundle generation complete. [3.275 seconds] - 2026-08-17T23:09:36.141Z

Page reload sent to client(s).
[33m>[39m Changes detected. Rebuilding...
[32m√[39m Changes detected. Rebuilding...
Application bundle generation failed. [5.010 seconds] - 2026-08-17T23:10:57.563Z

[1m[31m[31mX [41;31m[[41;97mERROR[41;31m][0m [1mTS2322: Type '"boolean"' is not assignable to type '"number" | "text" | "select" | "textarea" | "date" | "checkbox" | "email" | "password" | undefined'.[0m [1m[35m[plugin angular-compiler][0m

    src/app/modules/finance/discounts/discounts.component.ts:91:40:
[37m      91 │     { key: 'isActive', label: 'Active', [32mtype[37m: 'boolean' }
         ╵                                         [32m~~~~[0m

  The expected type comes from property 'type' which is declared here on type 'TableColumn'

    src/app/shared/data-table/data-table.component.ts:11:2:
[37m      11 │   [32mtype[37m?: 'text' | 'number' | 'select' | 'textarea' | 'date' | 'che...
         ╵   [32m~~~~[0m

[39m[22m
[33m>[39m Changes detected. Rebuilding...
[32m√[39m Changes detected. Rebuilding...
Application bundle generation failed. [3.064 seconds] - 2026-08-17T23:11:07.906Z

[1m[31m[31mX [41;31m[[41;97mERROR[41;31m][0m [1mTS2322: Type '"boolean"' is not assignable to type '"number" | "text" | "select" | "textarea" | "date" | "checkbox" | "email" | "password" | undefined'.[0m [1m[35m[plugin angular-compiler][0m

    src/app/modules/finance/discounts/discounts.component.ts:91:40:
[37m      91 │     { key: 'isActive', label: 'Active', [32mtype[37m: 'boolean' }
         ╵                                         [32m~~~~[0m

  The expected type comes from property 'type' which is declared here on type 'TableColumn'

    src/app/shared/data-table/data-table.component.ts:11:2:
[37m      11 │   [32mtype[37m?: 'text' | 'number' | 'select' | 'textarea' | 'date' | 'che...
         ╵   [32m~~~~[0m


[31mX [41;31m[[41;97mERROR[41;31m][0m [1mTS2339: Property 'waive' does not exist on type 'FineService'.[0m [1m[35m[plugin angular-compiler][0m

    src/app/modules/finance/fines/fines.component.ts:243:19:
[37m      243 │       this.service.[32mwaive[37m(this.confirmTarget.id).subscribe({
          ╵                    [32m~~~~~[0m

[39m[22m
[33m>[39m Changes detected. Rebuilding...
[32m√[39m Changes detected. Rebuilding...
Application bundle generation failed. [3.625 seconds] - 2026-08-17T23:11:22.371Z

[1m[31m[31mX [41;31m[[41;97mERROR[41;31m][0m [1mTS2322: Type '"boolean"' is not assignable to type '"number" | "text" | "select" | "textarea" | "date" | "checkbox" | "email" | "password" | undefined'.[0m [1m[35m[plugin angular-compiler][0m

    src/app/modules/finance/discounts/discounts.component.ts:91:40:
[37m      91 │     { key: 'isActive', label: 'Active', [32mtype[37m: 'boolean' }
         ╵                                         [32m~~~~[0m

  The expected type comes from property 'type' which is declared here on type 'TableColumn'

    src/app/shared/data-table/data-table.component.ts:11:2:
[37m      11 │   [32mtype[37m?: 'text' | 'number' | 'select' | 'textarea' | 'date' | 'che...
         ╵   [32m~~~~[0m


[31mX [41;31m[[41;97mERROR[41;31m][0m [1mTS2339: Property 'waive' does not exist on type 'FineService'.[0m [1m[35m[plugin angular-compiler][0m

    src/app/modules/finance/fines/fines.component.ts:243:19:
[37m      243 │       this.service.[32mwaive[37m(this.confirmTarget.id).subscribe({
          ╵                    [32m~~~~~[0m


[31mX [41;31m[[41;97mERROR[41;31m][0m [1mTS2339: Property 'update' does not exist on type 'PaymentService'.[0m [1m[35m[plugin angular-compiler][0m

    src/app/modules/finance/payments/payments.component.ts:249:19:
[37m      249 │       this.service.[32mupdate[37m(this.editingItem.id, payload).subscribe({
          ╵                    [32m~~~~~~[0m


[31mX [41;31m[[41;97mERROR[41;31m][0m [1mTS2339: Property 'save' does not exist on type 'PaymentService'.[0m [1m[35m[plugin angular-compiler][0m

    src/app/modules/finance/payments/payments.component.ts:254:19:
[37m      254 │       this.service.[32msave[37m(payload).subscribe({
          ╵                    [32m~~~~[0m


[31mX [41;31m[[41;97mERROR[41;31m][0m [1mTS2339: Property 'refund' does not exist on type 'PaymentService'.[0m [1m[35m[plugin angular-compiler][0m

    src/app/modules/finance/payments/payments.component.ts:273:19:
[37m      273 │       this.service.[32mrefund[37m(this.confirmTarget.id).subscribe({
          ╵                    [32m~~~~~~[0m

[39m[22m
[33m>[39m Changes detected. Rebuilding...
[32m√[39m Changes detected. Rebuilding...
Application bundle generation failed. [3.140 seconds] - 2026-08-17T23:11:42.716Z

[1m[31m[31mX [41;31m[[41;97mERROR[41;31m][0m [1mTS2322: Type '"boolean"' is not assignable to type '"number" | "text" | "select" | "textarea" | "date" | "checkbox" | "email" | "password" | undefined'.[0m [1m[35m[plugin angular-compiler][0m

    src/app/modules/finance/discounts/discounts.component.ts:91:40:
[37m      91 │     { key: 'isActive', label: 'Active', [32mtype[37m: 'boolean' }
         ╵                                         [32m~~~~[0m

  The expected type comes from property 'type' which is declared here on type 'TableColumn'

    src/app/shared/data-table/data-table.component.ts:11:2:
[37m      11 │   [32mtype[37m?: 'text' | 'number' | 'select' | 'textarea' | 'date' | 'che...
         ╵   [32m~~~~[0m


[31mX [41;31m[[41;97mERROR[41;31m][0m [1mTS2339: Property 'waive' does not exist on type 'FineService'.[0m [1m[35m[plugin angular-compiler][0m

    src/app/modules/finance/fines/fines.component.ts:243:19:
[37m      243 │       this.service.[32mwaive[37m(this.confirmTarget.id).subscribe({
          ╵                    [32m~~~~~[0m


[31mX [41;31m[[41;97mERROR[41;31m][0m [1mTS2339: Property 'update' does not exist on type 'PaymentService'.[0m [1m[35m[plugin angular-compiler][0m

    src/app/modules/finance/payments/payments.component.ts:249:19:
[37m      249 │       this.service.[32mupdate[37m(this.editingItem.id, payload).subscribe({
          ╵                    [32m~~~~~~[0m


[31mX [41;31m[[41;97mERROR[41;31m][0m [1mTS2339: Property 'save' does not exist on type 'PaymentService'.[0m [1m[35m[plugin angular-compiler][0m

    src/app/modules/finance/payments/payments.component.ts:254:19:
[37m      254 │       this.service.[32msave[37m(payload).subscribe({
          ╵                    [32m~~~~[0m


[31mX [41;31m[[41;97mERROR[41;31m][0m [1mTS2339: Property 'refund' does not exist on type 'PaymentService'.[0m [1m[35m[plugin angular-compiler][0m

    src/app/modules/finance/payments/payments.component.ts:273:19:
[37m      273 │       this.service.[32mrefund[37m(this.confirmTarget.id).subscribe({
          ╵                    [32m~~~~~~[0m

[39m[22m
[33m>[39m Changes detected. Rebuilding...
[32m√[39m Changes detected. Rebuilding...
Application bundle generation failed. [3.409 seconds] - 2026-08-17T23:12:02.090Z

[1m[31m[31mX [41;31m[[41;97mERROR[41;31m][0m [1mTS2322: Type '"boolean"' is not assignable to type '"number" | "text" | "select" | "textarea" | "date" | "checkbox" | "email" | "password" | undefined'.[0m [1m[35m[plugin angular-compiler][0m

    src/app/modules/finance/discounts/discounts.component.ts:91:40:
[37m      91 │     { key: 'isActive', label: 'Active', [32mtype[37m: 'boolean' }
         ╵                                         [32m~~~~[0m

  The expected type comes from property 'type' which is declared here on type 'TableColumn'

    src/app/shared/data-table/data-table.component.ts:11:2:
[37m      11 │   [32mtype[37m?: 'text' | 'number' | 'select' | 'textarea' | 'date' | 'che...
         ╵   [32m~~~~[0m


[31mX [41;31m[[41;97mERROR[41;31m][0m [1mTS2339: Property 'waive' does not exist on type 'FineService'.[0m [1m[35m[plugin angular-compiler][0m

    src/app/modules/finance/fines/fines.component.ts:243:19:
[37m      243 │       this.service.[32mwaive[37m(this.confirmTarget.id).subscribe({
          ╵                    [32m~~~~~[0m


[31mX [41;31m[[41;97mERROR[41;31m][0m [1mTS2339: Property 'update' does not exist on type 'PaymentService'.[0m [1m[35m[plugin angular-compiler][0m

    src/app/modules/finance/payments/payments.component.ts:249:19:
[37m      249 │       this.service.[32mupdate[37m(this.editingItem.id, payload).subscribe({
          ╵                    [32m~~~~~~[0m


[31mX [41;31m[[41;97mERROR[41;31m][0m [1mTS2339: Property 'save' does not exist on type 'PaymentService'.[0m [1m[35m[plugin angular-compiler][0m

    src/app/modules/finance/payments/payments.component.ts:254:19:
[37m      254 │       this.service.[32msave[37m(payload).subscribe({
          ╵                    [32m~~~~[0m


[31mX [41;31m[[41;97mERROR[41;31m][0m [1mTS2339: Property 'refund' does not exist on type 'PaymentService'.[0m [1m[35m[plugin angular-compiler][0m

    src/app/modules/finance/payments/payments.component.ts:273:19:
[37m      273 │       this.service.[32mrefund[37m(this.confirmTarget.id).subscribe({
          ╵                    [32m~~~~~~[0m

[39m[22m
[33m>[39m Changes detected. Rebuilding...
[32m√[39m Changes detected. Rebuilding...
Application bundle generation failed. [3.987 seconds] - 2026-08-17T23:12:14.461Z

[1m[31m[31mX [41;31m[[41;97mERROR[41;31m][0m [1mTS2322: Type '"boolean"' is not assignable to type '"number" | "text" | "select" | "textarea" | "date" | "checkbox" | "email" | "password" | undefined'.[0m [1m[35m[plugin angular-compiler][0m

    src/app/modules/finance/discounts/discounts.component.ts:91:40:
[37m      91 │     { key: 'isActive', label: 'Active', [32mtype[37m: 'boolean' }
         ╵                                         [32m~~~~[0m

  The expected type comes from property 'type' which is declared here on type 'TableColumn'

    src/app/shared/data-table/data-table.component.ts:11:2:
[37m      11 │   [32mtype[37m?: 'text' | 'number' | 'select' | 'textarea' | 'date' | 'che...
         ╵   [32m~~~~[0m


[31mX [41;31m[[41;97mERROR[41;31m][0m [1mTS2339: Property 'waive' does not exist on type 'FineService'.[0m [1m[35m[plugin angular-compiler][0m

    src/app/modules/finance/fines/fines.component.ts:243:19:
[37m      243 │       this.service.[32mwaive[37m(this.confirmTarget.id).subscribe({
          ╵                    [32m~~~~~[0m


[31mX [41;31m[[41;97mERROR[41;31m][0m [1mTS2339: Property 'update' does not exist on type 'PaymentService'.[0m [1m[35m[plugin angular-compiler][0m

    src/app/modules/finance/payments/payments.component.ts:249:19:
[37m      249 │       this.service.[32mupdate[37m(this.editingItem.id, payload).subscribe({
          ╵                    [32m~~~~~~[0m


[31mX [41;31m[[41;97mERROR[41;31m][0m [1mTS2339: Property 'save' does not exist on type 'PaymentService'.[0m [1m[35m[plugin angular-compiler][0m

    src/app/modules/finance/payments/payments.component.ts:254:19:
[37m      254 │       this.service.[32msave[37m(payload).subscribe({
          ╵                    [32m~~~~[0m


[31mX [41;31m[[41;97mERROR[41;31m][0m [1mTS2339: Property 'refund' does not exist on type 'PaymentService'.[0m [1m[35m[plugin angular-compiler][0m

    src/app/modules/finance/payments/payments.component.ts:273:19:
[37m      273 │       this.service.[32mrefund[37m(this.confirmTarget.id).subscribe({
          ╵                    [32m~~~~~~[0m

[39m[22m
[33m>[39m Changes detected. Rebuilding...
[32m√[39m Changes detected. Rebuilding...
Application bundle generation failed. [4.655 seconds] - 2026-08-17T23:12:27.751Z

[1m[31m[31mX [41;31m[[41;97mERROR[41;31m][0m [1mTS2322: Type '"boolean"' is not assignable to type '"number" | "text" | "select" | "textarea" | "date" | "checkbox" | "email" | "password" | undefined'.[0m [1m[35m[plugin angular-compiler][0m

    src/app/modules/finance/discounts/discounts.component.ts:91:40:
[37m      91 │     { key: 'isActive', label: 'Active', [32mtype[37m: 'boolean' }
         ╵                                         [32m~~~~[0m

  The expected type comes from property 'type' which is declared here on type 'TableColumn'

    src/app/shared/data-table/data-table.component.ts:11:2:
[37m      11 │   [32mtype[37m?: 'text' | 'number' | 'select' | 'textarea' | 'date' | 'che...
         ╵   [32m~~~~[0m


[31mX [41;31m[[41;97mERROR[41;31m][0m [1mTS2339: Property 'waive' does not exist on type 'FineService'.[0m [1m[35m[plugin angular-compiler][0m

    src/app/modules/finance/fines/fines.component.ts:243:19:
[37m      243 │       this.service.[32mwaive[37m(this.confirmTarget.id).subscribe({
          ╵                    [32m~~~~~[0m


[31mX [41;31m[[41;97mERROR[41;31m][0m [1mTS2339: Property 'update' does not exist on type 'PaymentService'.[0m [1m[35m[plugin angular-compiler][0m

    src/app/modules/finance/payments/payments.component.ts:249:19:
[37m      249 │       this.service.[32mupdate[37m(this.editingItem.id, payload).subscribe({
          ╵                    [32m~~~~~~[0m


[31mX [41;31m[[41;97mERROR[41;31m][0m [1mTS2339: Property 'save' does not exist on type 'PaymentService'.[0m [1m[35m[plugin angular-compiler][0m

    src/app/modules/finance/payments/payments.component.ts:254:19:
[37m      254 │       this.service.[32msave[37m(payload).subscribe({
          ╵                    [32m~~~~[0m


[31mX [41;31m[[41;97mERROR[41;31m][0m [1mTS2339: Property 'refund' does not exist on type 'PaymentService'.[0m [1m[35m[plugin angular-compiler][0m

    src/app/modules/finance/payments/payments.component.ts:273:19:
[37m      273 │       this.service.[32mrefund[37m(this.confirmTarget.id).subscribe({
          ╵                    [32m~~~~~~[0m

[39m[22m
[33m>[39m Changes detected. Rebuilding...
[32m√[39m Changes detected. Rebuilding...
Application bundle generation failed. [3.029 seconds] - 2026-08-17T23:12:43.049Z

[1m[31m[31mX [41;31m[[41;97mERROR[41;31m][0m [1mTS2322: Type '"boolean"' is not assignable to type '"number" | "text" | "select" | "textarea" | "date" | "checkbox" | "email" | "password" | undefined'.[0m [1m[35m[plugin angular-compiler][0m

    src/app/modules/finance/discounts/discounts.component.ts:91:40:
[37m      91 │     { key: 'isActive', label: 'Active', [32mtype[37m: 'boolean' }
         ╵                                         [32m~~~~[0m

  The expected type comes from property 'type' which is declared here on type 'TableColumn'

    src/app/shared/data-table/data-table.component.ts:11:2:
[37m      11 │   [32mtype[37m?: 'text' | 'number' | 'select' | 'textarea' | 'date' | 'che...
         ╵   [32m~~~~[0m


[31mX [41;31m[[41;97mERROR[41;31m][0m [1mTS2339: Property 'waive' does not exist on type 'FineService'.[0m [1m[35m[plugin angular-compiler][0m

    src/app/modules/finance/fines/fines.component.ts:243:19:
[37m      243 │       this.service.[32mwaive[37m(this.confirmTarget.id).subscribe({
          ╵                    [32m~~~~~[0m


[31mX [41;31m[[41;97mERROR[41;31m][0m [1mTS2339: Property 'update' does not exist on type 'PaymentService'.[0m [1m[35m[plugin angular-compiler][0m

    src/app/modules/finance/payments/payments.component.ts:249:19:
[37m      249 │       this.service.[32mupdate[37m(this.editingItem.id, payload).subscribe({
          ╵                    [32m~~~~~~[0m


[31mX [41;31m[[41;97mERROR[41;31m][0m [1mTS2339: Property 'save' does not exist on type 'PaymentService'.[0m [1m[35m[plugin angular-compiler][0m

    src/app/modules/finance/payments/payments.component.ts:254:19:
[37m      254 │       this.service.[32msave[37m(payload).subscribe({
          ╵                    [32m~~~~[0m


[31mX [41;31m[[41;97mERROR[41;31m][0m [1mTS2339: Property 'refund' does not exist on type 'PaymentService'.[0m [1m[35m[plugin angular-compiler][0m

    src/app/modules/finance/payments/payments.component.ts:273:19:
[37m      273 │       this.service.[32mrefund[37m(this.confirmTarget.id).subscribe({
          ╵                    [32m~~~~~~[0m

[39m[22m
[33m>[39m Changes detected. Rebuilding...
[32m√[39m Changes detected. Rebuilding...
Application bundle generation failed. [3.245 seconds] - 2026-08-17T23:14:54.112Z

[1m[31m[31mX [41;31m[[41;97mERROR[41;31m][0m [1mTS2322: Type '"boolean"' is not assignable to type '"number" | "text" | "select" | "textarea" | "date" | "checkbox" | "email" | "password" | undefined'.[0m [1m[35m[plugin angular-compiler][0m

    src/app/modules/finance/discounts/discounts.component.ts:91:40:
[37m      91 │     { key: 'isActive', label: 'Active', [32mtype[37m: 'boolean' }
         ╵                                         [32m~~~~[0m

  The expected type comes from property 'type' which is declared here on type 'TableColumn'

    src/app/shared/data-table/data-table.component.ts:11:2:
[37m      11 │   [32mtype[37m?: 'text' | 'number' | 'select' | 'textarea' | 'date' | 'che...
         ╵   [32m~~~~[0m


[31mX [41;31m[[41;97mERROR[41;31m][0m [1mTS2339: Property 'waive' does not exist on type 'FineService'.[0m [1m[35m[plugin angular-compiler][0m

    src/app/modules/finance/fines/fines.component.ts:243:19:
[37m      243 │       this.service.[32mwaive[37m(this.confirmTarget.id).subscribe({
          ╵                    [32m~~~~~[0m

[39m[22m
[33m>[39m Changes detected. Rebuilding...
[32m√[39m Changes detected. Rebuilding...
Application bundle generation failed. [3.566 seconds] - 2026-08-17T23:15:02.534Z

[1m[31m[31mX [41;31m[[41;97mERROR[41;31m][0m [1mTS2339: Property 'waive' does not exist on type 'FineService'.[0m [1m[35m[plugin angular-compiler][0m

    src/app/modules/finance/fines/fines.component.ts:243:19:
[37m      243 │       this.service.[32mwaive[37m(this.confirmTarget.id).subscribe({
          ╵                    [32m~~~~~[0m

[39m[22m
[33m>[39m Changes detected. Rebuilding...
[32m√[39m Changes detected. Rebuilding...
[1mInitial chunk files[22m[2m | [22m[1mNames[22m                            [2m | [22m [1mRaw size[22m
[32mstyles.css[39m         [2m | [22m[2mstyles[22m                           [2m | [22m[36m383.78 kB[39m[2m | [22m
[32mmain.js[39m            [2m | [22m[2mmain[22m                             [2m | [22m[36m122.17 kB[39m[2m | [22m
[32mscripts.js[39m         [2m | [22m[2mscripts[22m                          [2m | [22m[36m107.73 kB[39m[2m | [22m
[32mchunk-G4HWR26V.js[39m  [2m | [22m[2m-[22m                                [2m | [22m  [36m8.91 kB[39m[2m | [22m
[32mchunk-535WV33U.js[39m  [2m | [22m[2m-[22m                                [2m | [22m  [36m4.02 kB[39m[2m | [22m
[32mchunk-YRQ44UL6.js[39m  [2m | [22m[2m-[22m                                [2m | [22m  [36m2.32 kB[39m[2m | [22m
[32mchunk-UYKXC6FV.js[39m  [2m | [22m[2m-[22m                                [2m | [22m  [36m1.90 kB[39m[2m | [22m
[32mchunk-653SOEEV.js[39m  [2m | [22m[2m-[22m                                [2m | [22m  [36m1.51 kB[39m[2m | [22m
[32mchunk-B4F2FIQP.js[39m  [2m | [22m[2m-[22m                                [2m | [22m[36m187 bytes[39m[2m | [22m
[32mpolyfills.js[39m       [2m | [22m[2mpolyfills[22m                        [2m | [22m [36m95 bytes[39m[2m | [22m

[1m [22m                  [2m | [22m[1mInitial total[22m                    [2m | [22m[1m632.62 kB[22m

[1mLazy chunk files[22m   [2m | [22m[1mNames[22m                            [2m | [22m [1mRaw size[22m
[32mchunk-KHLGSVQJ.js[39m  [2m | [22m[2mlanding-component[22m                [2m | [22m[36m114.00 kB[39m[2m | [22m
[32mchunk-ZD3FINEA.js[39m  [2m | [22m[2mapplicant-dashboard-component[22m    [2m | [22m[36m110.84 kB[39m[2m | [22m
[32mchunk-J5I44ZHA.js[39m  [2m | [22m[2mpre-admission-register-component[22m [2m | [22m[36m105.75 kB[39m[2m | [22m
[32mchunk-R4AHSHJJ.js[39m  [2m | [22m[2madmin-management-component[22m       [2m | [22m[36m105.75 kB[39m[2m | [22m
[32mchunk-7VMIVOAR.js[39m  [2m | [22m[2mstudent-dashboard-component[22m      [2m | [22m [36m96.35 kB[39m[2m | [22m
[32mchunk-OEGWZMCV.js[39m  [2m | [22m[2mdashboard-component[22m              [2m | [22m [36m82.16 kB[39m[2m | [22m
[32mchunk-2URPX233.js[39m  [2m | [22m[2mseat-allocations-component[22m       [2m | [22m [36m76.50 kB[39m[2m | [22m
[32mchunk-OWO47VEX.js[39m  [2m | [22m[2msettings-component[22m               [2m | [22m [36m73.32 kB[39m[2m | [22m
[32mchunk-Y4FCHEMU.js[39m  [2m | [22m[2mclass-routine-component[22m          [2m | [22m [36m71.81 kB[39m[2m | [22m
[32mchunk-64L6IZFJ.js[39m  [2m | [22m[2madmission-confirmations-component[22m[2m | [22m [36m66.18 kB[39m[2m | [22m
[32mchunk-UDIZX6UB.js[39m  [2m | [22m[2menrollment-component[22m             [2m | [22m [36m63.15 kB[39m[2m | [22m
[32mchunk-BTGFXPHJ.js[39m  [2m | [22m[2mallocations-component[22m            [2m | [22m [36m63.11 kB[39m[2m | [22m
[32mchunk-P7DXQF5L.js[39m  [2m | [22m[2mcalendar-event-component[22m         [2m | [22m [36m60.21 kB[39m[2m | [22m
[32mchunk-37ECLLAQ.js[39m  [2m | [22m[2mtests-component[22m                  [2m | [22m [36m59.19 kB[39m[2m | [22m
[32mchunk-Y7BP7MZB.js[39m  [2m | [22m[2maccount-lock-rules-component[22m     [2m | [22m [36m56.50 kB[39m[2m | [22m
[2m...and 219 more lazy chunks files. Use "--verbose" to show all the files.[22m

Application bundle generation complete. [3.093 seconds] - 2026-08-17T23:15:09.323Z

Page reload sent to client(s).
